name,author,price
 和秋叶一起学 秒懂Excel（全彩版） Excel教程书籍，秒懂Word PPT职场办公技巧，70个Excel实用技巧解决表格数据处理分析问题，分类整理职场高频痛点问题，提高数据处理能力，附赠80个讲解视频、36套实战案例及300余套模板。,秋叶 陈文登,¥24.90
 小学生C++趣味编程 全国青少年信息学奥林匹克普及组竞赛教材一本真正适合小学生的信息学竞赛培训教材，赠配套教学资源，素材下载地址为：https://pan.baidu.com/s/1i7mvF6H,潘洪波,¥29.90
 浪潮之巅 第四版 数学之美 文明之光 大学之路 见识 态度 全球科技通史作者吴军博士作品 深度剖析信息产业 掌握下一个黄金十年 李开复作序推荐 来自谷歌的方法论 智能时代的行动指南,吴军,¥69.50
 张静初推荐 有限与无限的游戏：一个哲学家眼中的竞技世界 1.改变了凯文·凯利KK一生的书。2.美团网创始人王兴忘情力荐。3.你想做但又停顿的任何事情，都可以从这本书中得到启发，找到答案。,（美）James P. Carse（詹姆斯·卡斯）,¥34.00
 C Primer Plus 第6版 中文版 C语言入门经典教程 C语言入门经典教程，畅销30余年的C语言编程入门书籍，近百万程序员的C语言编程启蒙教材，技术大牛案头常备的工具书，被誉为C语言百科全书，购书赠送价值99元的e读版电子书+在线编程环境,[美]史蒂芬·普拉达（Stephen Prata）,¥54.00
 秒懂短视频剪辑 3000万粉丝短视频博主秋叶大叔新作，带你玩转短视频--视频剪辑篇，精心整理60+个剪辑技巧，附赠AI创作短视频工具及教程、上千种脚本文件及教学视频。,秋叶 刘涵 李欣眉,¥24.90
 秒懂短视频拍摄 3000万粉丝短视频博主秋叶大叔新作，带你玩转短视频--手机拍摄篇，精心整理47种典型拍摄技巧，附赠AI创作短视频工具及教程、上千种脚本文件及教学视频,秋叶、植品荣、朱雪银,¥24.90
 Python编程 从入门到实践 第2版 零基础学Python编程教程书籍，数据分析、网络爬虫、深度学习技能，畅销经典蟒蛇书升级版，附赠源代码、练习答案、学习视频、学习速查地图读者交流群等资源。,[美]埃里克·马瑟斯（Eric Matthes）,¥54.90
 Excel最强教科书（完全版）教学视频+全彩印刷+案例文件 电子表格制作教书籍 零基础从入门到精通 函数高级会计数据透视 日本年度Excel图书*！问世两年印刷21次！销量突破27万册！“后悔没有早点知道”的办公秘笈一应俱全，堪称不变的经典，永远的传奇！5小时的工作10秒内即可搞定！,（日）藤井直弥，（日）大山啓介,¥31.10
 C++ Primer Plus 第6版 中文版 C++程序设计经典教程，畅销30年的C++大百科全书全新升级，经典C++入门教程十年新版再现，孟岩、高博倾力推荐，赠送价值99元的e读版电子书及在线实验环境，赠送大尺寸全书思维导图，赠199元训练营,[美] 史蒂芬·普拉达,¥59.00
 这就是ChatGPT！揭开AIGC神秘面纱！OpenAI CEO 山姆·阿尔特曼（Sam Altman）强烈推荐！ OpenAI CEO山姆·阿尔特曼（Sam Altman）强烈推荐，沉浸于神奇AI的海洋，与您一同探寻人工智能无尽可能性，与ChatGPT一同开启对话的奇妙旅程！,[美] 斯蒂芬·沃尔弗拉姆（Stephen Wolfram）,¥29.90
 Origin科技绘图与数据分析 Origin科技绘图与数据分析，OriginLab技术服务经理作序推荐，中科院专家编撰，品质保证,丁金滨,¥64.50
 和秋叶一起学——秒懂Photoshop图像处理 PS入门教程，碎片化学习方式+字典式体例编排，精心整理热点技巧，提炼社群高频痛点，随用随查及时处理工作难题，赠送70套配套操作视频及练习文件,秋叶 朱超,¥24.90
" R语言实战（第3版） 获30万中文版读者认可与好评的数据分析教程重磅升级，给你入门R的""标准答案""。统计之都秘书长王小宁推荐阅读，有效学习统计分析及数据可视化的方法与技巧。",[美]罗伯特 · I. 卡巴科弗（Robert I. Kabacoff）,¥59.90
 Midjourney人工智能AI绘画教程：从娱乐到商用 人工智能AI绘画教程：从娱乐到商用（AI人工智能绘画教程书 关键词prompt描述语技巧 AIGC绘图插画设计摄影视频制作）,雷波 著,¥44.00
 鸟哥的Linux私房菜 基础学习篇 第四版 畅销Linux入门书升级版 鸟哥教你从入门到精通 适用Linux系统应用和开发及运维的人员 涵盖linux内核 命令行 嵌入式 Shell与Shell Scripts技巧精粹 基于CentOS 7.x,鸟哥,¥59.00
 和秋叶一起学——Word Excel PPT办公应用从新手到高手 秋叶WordExcelPPT三合一2022新版全新上市，适用于Office各个主流版本，240分钟教学视频+1200套拿来即用的精美模板，结合实际工作场景与实战案例，助力职场提升。,秋叶 刘晓阳,¥29.90
 算法竞赛（清华科技大讲堂） 一本算法竞赛大全，全面深入解析算法专题、数据结构、模板代码。10个专题，330个知识点，102个章节视频讲解。,罗勇军，郭卫斌,¥84.00
 Head First Java（中文版）（JAVA经典畅销书 生动有趣 轻松学好JAVA） 10年畅销经典，累计印刷30多次，畅销近30万册，计算机图书十大好书之一。,（美）塞若（Sierra，K.），（美）贝茨（Bates，B.） 著，O’Reilly Taiwan公司 译，张然 等改编,¥35.20
 零基础学Python（Python3.10全彩版）编程入门 项目实践 同步视频 Python3.10全新升级！超20万读者认可的彩色书，从基本概念到完整项目开发，助您快速掌握Python编程。全程视频+完整源码+215道课后题+实物挂图+海量资源,明日科技(Mingri Soft),¥31.10
 中小学C++编程项目学习创意课堂（微课版） 青少年编程零基础入门，一线信息技术老师通过50多个项目案例教孩子入门、掌握C++语言编程的方法与技巧。随书配有案例素材、源文件、答案、PPT课件、微课视频等立体化资源，获取地址见书前言二维码。,方其桂 主编，李怀伦、王丽娟 副主编,¥39.90
 控制之美（卷1）——控制理论从传递函数到状态空间 本书的目标是以简单的语言讲述复杂的知识，希望本书可以引起读者对控制理论的兴趣，并掌握控制理论的核心精神所在，为未来深入学习其他相关知识打下基础。同时，本书是一本“实战性”很强的书籍，大部分章节以一个实,王天威,¥34.50
 CCF中学生计算机程序设计-入门篇 中国计算机学会推荐，CCF中学生计算机程序设计教材，noip竞赛参考书，中学生计算机编程经典教材，小学、初、高中计算机程序设计爱好者,中国计算机学会,¥19.00
 word excel ppt从入门到精通 23年新版电脑办公软件学习wps office表格制作教程书计算机函数公式应用 团购电话:4001066666转6，全彩升级版，让你从新手到高手从入门到精通 word文档制作 excel公式与函数高效办公 ppt幻灯片极具说服力 手机扫码随时看教程,曾焱,¥23.80
 矩阵力量：线性代数全彩图解+微课+Python编程 鸢尾花书 从加减乘除到机器学习 Github/知乎数学可视化大神生姜博士作品 硬核品鉴数学之美,姜伟生,¥129.00
 数学要素 全彩图解 + 微课 +Python 编程 Github/知乎数学可视化大神生姜博士全角度拆解“数学要素”。,姜伟生,¥119.00
 数据密集型应用系统设计 英国剑桥大学分布式系统研究员力作，confluent CEO、微软CTO 联袂力荐，EMC资深架构师亲译。带你跨越从分布式理论到工程实践的鸿沟！大数据工程师、软件开发者图书!每章都有一张思维导图！,[美] Martin Kleppmann（马丁·科勒普曼） 著 译者：赵军平 吕云松 耿煜 李三平,¥56.90
 C++ Core Guidelines解析 现代C++编程Best Practices的共识，C++ Core Guidelines的中文精准导读。C++创始人Bjarne Stroustrup、C++标准委员会主席Herb Sutter倾力推,[德]赖纳·格林（Rainer Grimm）著 吴咏炜、何荣华、张云潮、杨文波 译,¥64.00
 大话数据结构 溢彩加强版 超级畅销书彩色升华版，百万读者认可的趣味解读“数据结构+算法”，配合动效PPT课件，动态扫除难点。程杰作品，必属精品。,程杰,¥59.50
 中文版Photoshop 2022从入门到精通（微课视频 全彩版）ps入门书籍 PS教程教材 摄影后期 图片后期 调色 PS2022新版，Adobe专家升级畅销书，手机扫码看421集PS视频教程+配套源文件，赠本书实例素材及其他实用设计素材、各种设计宝典及速查手册、PPT课件等,唯美世界 瞿颖健,¥42.20
 Python编程三剑客第3版：Python编程从入门到实践第3版+快速上手第2版+极客项目编程（当当套装共3册） Python编程入门好书，自学利器，数据分析、网络爬虫、机器学习、深度学习基础，基于Python 3.11升级，附赠配套视频、源代码、PPT课件、速查地图、学习路线图等资源,[美]埃里克·马瑟斯（Eric Matthes） [美]阿尔·斯维加特（Al Sweigart） [美] Mahesh Venkitachalam,¥133.90
 剪映视频剪辑/调色/特效从入门到精通（手机版+电脑版） 2023新版 剪映手机版+电脑版入门到精通，精选61个抖音、快手典型案例，短视频制作全流程讲解，附赠同步录播课程、114页拓展电子书及素材效果文件。,麓山剪辑社,¥39.90
 深度学习 人工智能算法，机器学习奠基之作，AI圣经 AI圣经 deep learning中文版 2018年图灵奖获奖者作品 业内人称“花书” 人工智能机器学习深度学习领域奠基性经典畅销书,[美]Ian Goodfellow（伊恩·古德费洛）、[加]Yoshua Bengio（约书亚·本吉奥）、[加]Aaron Courville（亚伦·,¥84.00
 剪映短视频剪辑从入门到精通：调色+特效+字幕+配音 影视剪辑技巧 视频拍摄 视频制作 卡点配音 音频处理 后期特效 滤镜调色 转场 字幕 分屏,龙飞 编著,¥39.00
 人工智能 AI绘画从入门到精通：文案+绘画+摄影+电商广告制作 人工智能 AI绘画从入门到精通 文案 摄影 电商广告制作 AI绘画教程书 Midjourney关键词prompt描述语技巧 stablediffusion AIGC创作教程 AIGC绘图插画设计摄影视,谷哥 编著,¥39.00
 人工智能：现代方法（第4版）（上下册） 系统性总结人工智能的方方面面，国际人工智能领域专家斯图尔特·罗素撰写人工智能百科书，时隔十年重磅更新，被全球全球1500多所学校采用的经典教材,[美]斯图尔特·罗素（Stuart Russell）,¥99.00
 算法竞赛入门经典（第2版） 连续畅销多年精典算法好书！,刘汝佳 著,¥39.90
 Linux命令行与shell脚本编程大全（第4版） Linux领域口碑作品再度升级，中文版累计入库10万册，初学读者也能跟着写出自己的Shell脚本，书中丰富示例适用于Linux所有发行版，附赠书示例文件。,[美] 理查德·布卢姆,¥64.90
 CCF CSP第一轮认证一本通 针对历年真题提供详细的分析，针对考试大纲提供丰富的练习，针对考试内容提供详尽的讲解。,丁向民,¥39.50
 人月神话（纪念典藏版） 长销半个世纪的传奇经典，被引频次无出其右的软工神话。缅怀大师布鲁克斯，纪念典藏版，软件开发人员、软件项目经理、系统分析师等IT从业者必藏之软工圣经！,"【美】小弗雷德里克·P.布鲁克斯（Frederick P.Brooks, Jr.）著；UMLChina 译",¥49.00
 CCF中学生计算机程序设计-基础篇 浅显的描述揭示深刻的内涵，信息学国际教练，教你如何编程！CCF中学生计算机程序设计教材，noip竞赛参考书，中学生计算机编程经典教材，小学、初、高中计算机程序设计爱好者,中国计算机学会,¥18.00
 小学生C++趣味编程（第二版） 全新升级！全彩印刷，还原真实编程环境；视频讲解，培养自主学习能力。,潘洪波,¥49.50
 抖音+剪映+Premiere短视频制作从新手到高手 全彩印刷 超值附送88个视频，长达230分钟，扫码即可直接观看,王斐,¥39.50
 启示录：打造用户喜爱的产品 ,Marty Cagan,¥17.80
 CCF中学生计算机程序设计提高篇 ,徐先友，朱全民,¥22.50
 SolidWorks 2022完全实战技术手册 超值赠送： 92个视频文件，长达19小时 大量相关素材文件，容量高达13GB,黄建峰 李?B 史延枫,¥49.50
 Vue.js 3+TypeScript完全指南 资深前端技术大佬coderwhy经验分享，全面介绍Vue.js 3和TypeScript前端开发技术及核心原理，手写Mini-Vue.js 3框架,王红元,¥79.50
 计算广告：互联网商业变现的市场与技术（第3版） 计算广告学教程，在线广告变现实用指南讲解计算广告与互联网变现秘密的专业图书升级版，北冥乘海生刘鹏老师力作众多互联网公司管理层与创业者联袂推荐的好书,刘鹏 王超,¥49.90
 新印象 Unity 2020游戏开发基础与实战 Unity游戏开发教程，以技术讲解和项目实战为主，从Unity的基础操作讲解到游戏开发核心技术，丰富实战案例，附赠素材文件、1020分钟案例教学视频及300多分钟C#入门视频。,杜亚南,¥64.90
 STL源码剖析 源码之前，了无秘密。大师们的缜密思维、经验结晶、技术思路、独到风格，都原原本本体现在源码之中。,侯捷 著,¥35.20
 产品经理方法论 构建完整的产品知识体系 产品经理入门教程书籍，互联网产品运营产品策划教程，详细介绍产品经理需要掌握的大量工具、方法论以及产品知识，工作经验，帮助产品经理建立完善的知识体系。,赵丹阳,¥39.90
 编程启蒙：从Python走进编程世界 青少年编程入门，就选Python！超全、超实用的编程知识与技巧，带你趣味学Python，培养编程思维，终生受益。,李晋 著； 清泉静读 出品,¥26.80
 信息学奥赛一本通关 基于少儿编程大背景，提供一条通往初中、高中、大学的上升通道。,蔡荣啸,¥64.00
 大话设计模式【Java溢彩加强版】 程杰作品。畅销15年的超级IT原创书焕然上市。全彩印刷，JAVA设计模式与面向对象观念同步养成。,程杰,¥64.50
 人人都能拍大片：手机短视频制作技巧指南 手机短视频拍摄+剪辑一本通，短视频快速变现引流，宝妈兼职短视频小白快速上手，构图/运镜/色彩/剪辑，附赠110分钟教学视频。,空叶,¥34.90
 Word/Excel/PPT办公应用从入门到精通 办公应用三合一，专门为初学者量身定做。以图解办公实务案例为基础，深入浅出、直观形象地讲解了三大办公软件的基本操作以及繁琐命令快捷化的实用技巧。让你轻松实现高效办公，短时间内轻松成为商务办公能手。,杨阳 著，竹石文化 出品,¥24.50
 秒懂AI写作：让你轻松成为写作高手 用AI有效写作，职场应用文、商业营销文案、新媒体写作、调查研究与论文、艺术创作等40多个AI写作案例，场景+方法+公式+总结四大层面，AI让你写得又快又好。,秋叶 刘进新 贾凝墨 万静,¥29.90
 JavaScript高级程序设计 第4版 web前端开发经典教程，JS“红宝书”全新升级，入门+实战，涵盖ECMAScript 2019，提供教学视频+配套编程环境，可直接在线运行随书代码,[美]马特·弗里斯比（Matt Frisbie）,¥64.50
 深度学习入门 基于Python的理论与实现 人工智能入门学习教程 日本深度学习入门书籍 基于python 3 从零创建一个深度学习模型,斋藤康毅,¥34.90
 剪映：短、中、长视频剪辑全攻略（手机版+电脑版） 音频+字幕+特效+调色，应有尽有核心基础+短视频+中长视频，逐一攻克方法+技巧，举一反三赠送90+个教学视频赠送全书案例的素材和效果文件,构图君,¥34.90
name,author,price
 CST仿真设计理论与实践 把仿真实例将理论与工程应用紧密结合，针对不同研究方向全面讲解了CST 的仿真技巧。随书附赠教学课件，获取地址见书前言二维码，教材服务QQ：1815317009,张晓、李银、吴琼森、李瑞鹏,¥49.00
 网络是怎样连接的 计算机网络概论图解趣味版 网络技术基础知识程序员入门进阶教程,[日]户根勤,¥34.90
 WPS Office办公应用从入门到精通（可视化完全自学，零基础快速入门，同步视频秒懂版） 高效办公实战版，零基础快速入门。全面网罗WPS Office知识点和操作，图文结合，直观细节；技巧干货，易学易会；案例引导，活学活用；由易到难，循序渐进技能。让你轻松实现高效办公，成为商务办公能手。,郭绍义 戴雪婷 著,¥21.40
 由浅入深学习SAP财务 由浅入深学习SAP系统 财务分析 ERP系统 会计 资产 订单 获利分析 15年SAP项目实施和管理经验分享,高林旭,¥59.00
 代码大全2 最新中文纪念版 赠全彩检查清单册 软件开发奠基之作编程最佳实用指南 赠全彩英文剧本+检查清单合计 《软件开发》杂志Jolt大奖。大而全，洞悉软件构建精髓；优而先，兼顾行业实践研究；奠定硬核技术领导力的经典；庸常变身卓越的实用性指导,[美]史蒂夫.麦康奈尔（Steve McConnell）著 陈玉毅 陈军 杨志昂 洪佳 徐东伟 王国良 徐毅 译,¥128.00
 UG NX 12.0中文版从入门到精通ug教程ug建模ug模具设计ug12曲面设计钣金草图设计工程图数控编程数控加工ca UG实例视频教程 手机扫码看278节同步教学视频 546页正文内容 90个实战实例分析 12大行业应用案例 188页拓展电子书 基础知识+中小实例+综合案例+视频讲解 零基础工程设计快速入门！,天工在线,¥38.00
 GraphPad Prism科技绘图与数据分析 GraphPad Prism 软件资深专家教你如何专注于数据中的故事，并创建令人惊叹的图形！,丁金滨、宗敏,¥69.50
 啊哈！算法 算法入门书 算法导论学习指南 ACM和信息学竞赛备考宝典 一本轻松玩转算法和数据结构的超萌书 奥赛教练 微软亚洲研究院小伙伴啊哈磊埋头苦干的作品,啊哈磊 著,¥29.90
 算法图解 像小说一样有趣的算法入门书 代码示例基于Python 熟练掌握算法设计与分析,[美] 巴尔加瓦（Aditya Bhargava）,¥34.90
 Excel机器学习 不懂Python没关系，用Excel也能学机器学习。十余种常用机器学习方法，一步一步轻松学。免费下载Excel示例文件，边学边练。,[美] 周红,¥29.90
 操作系统导论 美国知名操作系统教材 紧紧围绕操作系统的三大主题元素--虚拟化 并发和持久性进行讲解,[美] 雷姆兹,¥49.50
 用数据讲故事（修订版） ,[美]科尔·努斯鲍默·纳福利克（Cole Nussbaumer Knaflic）,¥34.90
 重构 改善既有代码的设计 第2版 平装版 重构20年 世界软件开发大师MartinFowler的不朽经典 生动阐述重构原理和具体做法 普通程序员进阶到编程高手的修炼秘笈和代码整洁之道,[美]马丁·福勒（Martin Fowler）,¥49.50
 秒懂AI提问：让人工智能成为你的效率神器 精心提炼20种GPT提问方法及指令，从入门到进阶再到精通，100个案例带你玩转GPT，掌握高效AI提问方法，充分发挥GPT威力，好问题才有好答案,秋叶 刘进新 姜梅 定秋枫,¥29.90
 中文版PremierePro2022 从入门到精通 微课视频全彩版 唯美系列 专业视频剪辑教程 视频特效 Vlog手机短 100万册畅销书作者升级力作，AE后期专业搭档，影视片头、短视频、Vlog视频剪辑专业工具，扫码看135集微视频讲解+110个实例案例，PR视频教程，资源丰富,唯美世界曹茂鹏,¥54.10
 MySQL是怎样运行的 从根儿上理解MySQL 深入剖析MySQL必知必会高性能数据库运行数据分析与数据处理的书籍，采用200多幅图辅助讲解重点内容，提供彩图下载、公众号答疑服务，双色印刷。,小孩子4919,¥49.50
 流畅的Python（第2版） Python编程好书新升级，基于Python3.10更新与修订。好评如潮的Python进阶指南，第1版中文版累计销量近8万册，带你深入理解Python语言核心特性与底层逻辑！,[巴西]卢西亚诺·拉马略（Luciano Ramalho）,¥99.90
 Scratch编程入门与算法进阶 第2版 ,中国电子学会,¥39.50
 小学生学人工智能 stem书籍 青少年人工智能技术水平测试辅导书 人工智能神经网络和深度学习启蒙 AI入门指南 青少年人工智能入门书籍,范瑞峰,¥19.90
 完全图解网络与信息安全 数据安全 黑客攻防从入门到精通 网络安全攻防技术 数据安全架构设计 一本计算机网络安全相关概念和 攻击方式、安全技术、防范对策、组织体制完全图解，全面学习网络与信息安全相关的知识，确保个人和周边的网络信息安全。,增井敏克,¥33.70
" C++20高级编程(第5版) C++标准委员会主席Herb Sutter大力推荐, C++标准委员会成员Marc Gregoire执笔,知名C++大咖“程序喵大人”领衔翻译。获国内C++社区李建忠、吴咏炜、高博、吴天明等推荐",[比]马克·格雷戈勒（Marc Gregoire） 著 程序喵大人 惠惠 墨梵 译,¥114.00
 SPSS实战与统计思维 附赠全书实例完整数据集和SPSS入门学习视频 大数据方法论风靡全球 统计学应用更上一层楼 SPSS统计分析从入门到精通 统计分析大全 从统计学思维开始 由浅入深 全面系统讲解SPSS实战应用,武松,¥49.50
 ChatGPT与AIGC工具入门实战指南 用AI提高办公学习效率！ChatGPT与AIGC生产力工具实践 智慧共生 ChatGPT和AIGC入门实战，小米科技联合创立人王川作序推荐，人人都能用好人工智能AIGC工具，丰富的实践案例，有效提升工作、学习、生活效率！,王树义,¥29.90
 中文版ANSYS Workbench2021有限元分析从入门到精通视频讲解实战案例版 ansys workbench完全 CAD/CAM/CAE专家编写328分钟同步微视频讲解，26个实例案例分析案例全流程讲解,天工在线,¥38.00
 毫无PS痕迹（第二版） photoshop2022 ps教程零基础 ps入门 ps教程2022 Photoshop2022新版，配1900分钟视频课精讲，打通选区、通道、蒙版的本质关联，图像处理，摄影后期，UI设计，“ACR+智能对象”实战讲解，Adobe认证PS讲师赵鹏15年呕心力作,赵鹏 著,¥45.80
 Stata统计分析从入门到精通 致力于让Stata的学习 更简单、更实用、更高效,杨维忠，张甜,¥59.00
 C++从入门到精通（第5版） C++入门经典，销售12年，50万C++程序员、数百所高校的选择，97集微课视频+178个应用示例+122个编程训练+53个实践练习+项目案例+海量开发资源库+在线答疑,明日科技,¥44.90
 Qt 6 C++开发指南 基于Qt 6.2版本，《Qt 5.9 C++开发指南》版本内容重大升级，涵盖新的功能模块和开发技术，附赠大量示例演示程序和示例源代码，轻松开发GUI程序！,王维波,¥69.90
 Python数据分析从入门到实践（全彩版）Python Excel高效办公常备工具 零基础入门数据分析师，利用Python进行数据处理、数据分析简单高效，送数据分析专属魔卡150+方法随身查,明日科技 高春艳 刘志铭,¥49.00
 Excel函数与公式速查宝典教程（视频案例+彩色印刷） word excel ppt wps 办公软件自学教程 办公应用 手机扫码看474节18小时同步视频讲解+362个函数与公式解析+435个行业应用案例，赠37小时Word/Excel/PPT教学视频，Excel速查大全，随查随用,Excel精英部落,¥42.20
 科技之巅3 麻省理工科技评论 100项全球突破性技术深度剖析 源自MIT的科技创新预言圣经 智能时代的黑科技进化论 科技创业投资行动指南 MITTR官方解读AI、机器人、能源材料、生物医疗、基因等技术，季维智、TomMitchell、徐文伟等重磅解读与推荐,麻省理工科技评论,¥49.50
 SQL即查即用（全彩版）数据库入门经典 程序员的SQL速查工具书。查询方便，让你轻松掌握SQL语言！适合作为SQL初学者的学习用书！,明日科技(Mingri Soft),¥24.90
 硅谷之火：人与计算机的未来 雷军推荐，激发雷军创业和改变雷军命运的奇书，初步了解计算机发展史的易懂版本，激发你的灵感，加深你的兴趣,（美）弗赖伯格，（美）斯韦因 著，张华伟 编译,¥15.50
 Scratch少儿编程从入门到精通:案例视频版 中小学青少年编程儿童少儿编程 零基础学Scratch（全彩图解+高清视频 理论知识+示例讲解+思维导图+实战案例+配套视频+PPT课件+QQ群在线交流， 可以有效开拓孩子们思维、提升创意、训练专注力，同时提高创造力。,贾炜 编著,¥41.60
 Head First设计模式（第二版） 以一种不会让你打瞌睡的方式学会设计原则和模式，去解决软件设计问题，并用模式语言和团队的其他人说话。（经典之作，畅销十余年。版销售20万+册，赠送学习伴侣）,[美]埃里克·弗里曼（Eric Freeman） [美]伊丽莎白·罗布森（Elisabeth Robson）著,¥56.90
 Java图解创意编程：从菜鸟到互联网大厂之路 10位大厂大咖推荐 10个精致项目实践 10万行代码之路,胡东锋,¥74.50
 中文版AutoCAD2022从入门到精通 cad基础教程cad教材自学cad/cam/cae机械设计室内设计建筑设计电气 ,天工在线 编著,¥38.00
 人工智能从小白到大神 chatgpt聊天机器人 美国AAAS院士清华大学智能科学讲席教授张亚勤百度技术委员会理事长陈尚义 中国大数据应用联盟人工智能专家委员会主任、中国信息协会人工智能教育专家委员会主任刘鹏力作！用Python手工打造神经网络，带你彻底学懂和理解AI的原理与本质,刘鹏 曹骝 吴彩云 张燕 编著,¥38.00
 中文版Photoshop 2023入门教程 Photoshop 2023零基础自学教程，细致功能讲解，配合视频教学及PPT课件，综合实战案例+课后练习，纸电同步电子书免费领取。,李金明 李金蓉,¥29.90
 中文版3ds Max2023从入门到精通微课视频全彩版唯美 Autodesk 3dmax标准教材教程书籍 3dsmax三 3dsmax专家委员升级作品，211集视频，139个实例教学，三维建模效果图制作建筑设计模型设计影视特效CG动画游戏完全自学教程,唯美世界 曹茂鹏,¥59.80
 深入浅出 WPF ,刘铁猛,¥21.00
 AIGC自动化编程：基于ChatGPT和GitHub Copilot 基于ChatGPT、GitHub Copilot、Claude2、Amazon CodeWhisperer、CodeGeeX，系统介绍如何实现自动化编程，让工作效率逆袭,李宁,¥39.90
 图神经网络：基础、前沿与应用 图神经网络GNN城堡书重磅上市，GNN领域专家学者吴凌飞、裴健、崔鹏、赵亮联合编撰，清华大学教授、中科院院士张钹作序推荐，众多大咖联袂推荐,吴凌飞 崔鹏 裴健 赵亮,¥89.40
 Python编程快速上手 让繁琐工作自动化 第2版 Python编程从入门到实践姊妹篇，零基础自学Python教程书籍，提供配套同步教学视频、在线编程环境，初版译著豆瓣评分9.6分！针对Python3.X版本更新，海量学习资源随书送,[美]阿尔·斯维加特（Al Sweigart）,¥44.50
 wps office办公应用从入门到精通 WPS官方推荐完全自学教程 word ppt excel 函数与公式 办公软件 手机扫码看9小时同步视频 WPS官方作序推荐用书，提供2016、2019、MAC版官方软件下载 42个职场Word、Excel、PPT实用案例拿来即用，随书赠2本实物 电脑入门技能手册+快捷键速查手册,IT 新时代教育,¥29.50
 计算之魂 （《数学之美》《浪潮之巅》等畅销书作者吴军博士新作） 数学之美姊妹篇，吴军科技领域重磅新作，李国杰院士郑纬民院士作序推荐，快手宿华拼多多陈磊倾情推荐，名企面试题算法题讲透计算思维,吴军,¥54.50
 Effective Modern C++中文版 ,[美]Scott Meyers（斯科特·迈耶）,¥44.00
 Python GUI设计PyQt5从入门到实践（Qt5编程入门 数据可视化 Python3全彩版） 零基础入门PyQt5，基于Python3，手把手教你使用PyQt5设计PythonGUI窗体项目，更好的展现数据分析、爬虫、自动化测试、游戏等项目效果,明日科技 王小科 李艳,¥49.00
 算法(第4版) 【图灵程序设计丛书】算法领域的经典参考书 众多图例实现图解算法和算法导论 基于Java语言实现算法和数据结构 熟练掌握算法设计与分析,[美]Robert,¥64.90
 30天精学Excel 从菜鸟到数据分析高手 Excel教程书籍教学函数与公式应用大全，制作图表进行数据分析，数据透视表Excelhome云课堂金桥老师作品，配套同步教学视频，一本书搞定高效办公。,金桥 周奎奎,¥34.50
 PyTorch深度学习实战 PyTorch核心开发者教你用PyTorch创建神经网络和深度学习系统的实践指南，基于Python 3.6及以上的版本编写，提供源代码下载，PyTorch联合创作者作序推荐。,[美]伊莱·史蒂文斯,¥59.90
 零基础入门学习Python（第2版）-微课视频版 Python 3.7编程轻松入门 小甲鱼畅销图书 实例贯穿全书 30小时视频讲解 轻松学会Python 累计销售13万册,小甲鱼,¥44.50
 CG造型基础与创作·入门篇 ,Victor cloux陈威,¥52.50
 极简时间管理：4倍效率实操方法，轻松实现“开挂”人生 从时间拖延、时间焦虑，到实现时间自由、掌控人生。 秋叶大叔、知名品牌人黄欢等大咖推崇备至的时间管理法。,毕嵘,¥39.00
 Python青少年趣味编程100例 视频实例教学 零基础学Python入门教程自学教材 少儿趣味编程 小学生趣味编程 教 Python 青少年趣味编程 100个趣味编程实例630分钟视频讲解兴趣教学AI时代学编程的孩子不会输,爱编程的魏校长,¥38.00
 TypeScript编程 是深入学习TypeScript的不二之选。通过本书可以快速有效地掌握TypeScript的工具和生态系统。,[美]鲍里斯切尔尼,¥39.20
 代码整洁之道 鲍勃大叔作品，程序员，汇聚编程大师数十年编程生涯的心得体会，阐释如何解决软件开发人员、项目经理及软件项目领导们所面临的*棘手的问题; 软件开发领域为数不多的长经典著作,[美] 罗伯特·C. 马丁,¥49.50
 人工智能AI摄影与后期修图从小白到高手：Midjourney+Photoshop AI摄影绘画与后期修图从小白到高手：Midjourney+Photoshop，教你玩转人工智能！,龙飞 著,¥49.00
 科研论文配图绘制指南 基于Python 科研和学术论文配图的实用利器，Python科研绘图锦囊，100多种绘图方法、200多个绘图源代码、保姆级的配图绘制技巧，快速提升科研效率，增添论文亮点！,宁海涛,¥54.90
 青少年信息学竞赛 一本信息学竞赛初学者入门教材。随书赠送：教学大纲、教学课件、微课视频、案例源代码和思考练习参考答案，获取地址见书前言二维码。教材服务QQ:1815317009,刘洪、杨娟、徐勇,¥34.90
name,author,price
 MATLAB R2022a完全自学一本通 “完全自学一本通”系列图书畅销15年累计超80万册。已被超过20万MATLAB用户选择为入门书，MathWorks公司推荐用书。,刘浩,¥49.50
 Python编程入门与算法进阶 Python青少年等级考试程序软件开发教程编程入门，py基础能力训练，电子学会青少年编程考试指定用书，让孩子们轻松学习Python！,中国电子学会,¥49.50
 精益数据分析 珍藏版 商业数据分析入门书，精益创业运动开创者埃里克·莱斯作序推荐，王诗沐、史凯等大咖联合推荐，用精益数据分析打造符合市场需求的产品！,[加] 阿利斯泰尔·克罗尔 （Alistair Croll）[加] 本杰明·尤科维奇（Benjamin Yoskovitz）,¥59.90
 SQL基础教程 第2版 畅销书SQL基础教程全新升级 SQL从入门到精通 SQL必知必会 随书附赠程序示例和习题答案,[日]MICK,¥39.50
 电脑组装与维修一本通 电脑硬件选购与组装+系统安装与优化+日常维护与维修，全彩视频图解,博蓄诚品 编著,¥39.50
 老向讲工控--PLC编程手册 PLC编程大全，西门子PLC编程，三菱PLC编程，欧姆龙PLC编程，S7-1200，S7-1500,向晓汉 主编,¥84.00
 大象——Thinking in UML（第二版） ,谭云杰 著,¥31.80
 架构师修炼之道 程序员升职加薪跳槽,Michael Keeling,¥44.40
 思维导图学C++趣味编程 中小学C++编程读物，轻松有趣，边玩边学,方其桂 等 著,¥49.50
 AUTOSAR规范与车用控制器软件开发 AUTOSAR规范学习参考用书,宋珂、王民、单忠伟、谭杨 编著,¥39.00
 CANoe开发从入门到精通 采用*的CANoe 11.0版本，提供源代码及相关资料下载。,杨金升、张可晨、唐新宇,¥44.50
 跟李锐学Excel数据分析 Excel教程书籍，跟李锐学Excel课程同步图书，讲解Excel数据处理与分析技巧，内容涵盖数据导入、函数公式及数据透视表等，附赠练习文件、讲解视频、电子书及同步课程。,李锐,¥39.90
 Web前端开发 HTML5+CSS3+JavaScript+Vue.js+jQuery 网页设计 网页制作 网站建设自学 名师力作、彩色印刷，手机扫码看272集（52小时）同步视频讲解+235个实例源码分析+16个综合实验+2个项目实战+30个思维导图，手把手教你轻松学会Web前端开发，赠课后习题及答案等。,刘兵 编著,¥42.00
 中文版 Cinema 4D R25 从入门到精通（微课视频全彩版唯美世界）C4D书籍教材新印象 c4d r25 c4d教 畅销百万册唯美系列新作专家教程156集视频+122个实例+配套源文件+实例素材+海量配套资源，三维建模+动画渲染+电商广告+影视动画+CG游戏+特效,唯美世界曹茂鹏,¥42.20
 C#从入门到精通（第6版） C#入门经典，销售12年，50万C#程序员、数百所高校选择，164集微课视频+236个应用示例+129个编程训练+97个实践练习,明日科技,¥49.90
 AIGC未来已来 迈向通用人工智能时代 解读ChatGPT及AIGC的热点问题，洞察AIGC时代的机遇与隐忧 解读AIGC及ChatGPT的热点问题，洞察AIGC时代的机遇与隐忧，选好赛道，乘风而起！全彩印刷，涉及绘画、涉及、视频、诊疗、营销等多个赛道！,翟尤 郭晓静 曾宣玮,¥34.90
 PLC结构化文本编程一本通 彩色图解+视频讲解，PLC ST/SCL语言编程，支持西门子、三菱等PLC,赵春生 主编,¥49.50
 机器学习方法 ,李航,¥69.00
 剪映短视频剪辑从入门到精通（手机版+电脑版）手机短视频剪辑 特效制作 剪映案例教程 抖音快手小红书B站视频剪辑 pr a 剪映手机版+剪映电脑版教程 59个精选案例+170分钟操作视频精讲+95个素材视频+58个效果视频，专业摄影大师手把手教你快速学会短视频的专业创作过程,新镜界,¥42.00
 数据分析师手记——数据分析72个核心问题精解 从0到1，系统的基础入门路线图，实战性强，开箱即用,刘林、李朝成、饼干哥哥,¥54.50
 AI绘画师：文案、图片与视频制作从入门到精通 AI；ChatGPT；Midjourney;AIGC;剪映；文心；,AIGC文画学院 编著,¥44.00
 Head First Java 实战（第三版） 畅销10余年，累计销售30万余册，计算机图书十大好书之一,"[美]凯西·希拉（Kathy Sierra）,[美]伯特·贝茨（Bert Bates）,[英]特丽莎·吉（Trisha Gee）",¥56.90
 数据分析思维：分析方法和业务知识 数据分析思维：AI时代的通用能力，升职加薪的高维武器！,猴子·数据分析学院,¥49.50
 数字化生存 20年前，读它，是科幻书；20年后读它，像历史书。 一本影响千百万人的互联网启蒙经典著作； 一本关于“智能时代”的“说明书”； 预言帝尼葛洛庞帝坦率回应“我有什么地方搞错了吗？”尼葛洛庞帝、胡泳、刘九,（美）Nicholas Negroponte（尼古拉·尼葛洛庞帝）,¥39.00
 从平凡到非凡：PPT设计蜕变 wps office ppt书籍教程教材 ppt设计思维 ppt制作教程 Ppt 秒懂pp ,回航,¥29.50
 ChatGPT: 读懂人工智能新纪元 ,陈根,¥34.90
 Visual C#从入门到精通（第10版） 承袭Step by Step风格，完美演绎C#精髓；久经考验、深受国内外读者喜爱的入门经典,[英] 约翰·夏普（John Sharp）著 周靖 译,¥94.50
 漫画ChatGPT——小灰的AI之旅 ,魏梦舒（@程序员小灰）,¥29.50
 ANSYS Maxwell+Workbench 2021 电机多物理场耦合有限元分析从入门到工程实战 ANSYS Workbench有限元分析从入门到精通,刘慧娟、张振洋、宋腾飞 等 编著,¥49.50
 名师讲科技前沿系列--图解芯片技术 打开芯片世界大门的钥匙,田民波 编著,¥24.50
 达芬奇影视调色全面精通：素材剪辑＋高级调色＋视频特效＋后期输出＋案例实战 抖音热门视频案例，从零开始学会制作；达芬奇调色核心技巧，一本书完全精通！5大模板内容，160多个案例，290多分钟同步操作高清语音视频演示！,周玉姣,¥49.50
 SEO实战密码——60天网站流量提高20倍（第4版） SEO行业专家Zac经典作品全新改版全面升级,昝辉,¥94.00
 中文版MATLAB2022从入门到精通 实战案例视频教程版 matlab数学建模 matlab信号处理 工程绘图程序设计 MATLAB入门畅销经典 586分钟同步视频讲解413个实例案例分析 赠送7个大型工程案例+全书实例源文件，立体化教学 零基础快速入门,天工在线,¥42.00
 深入浅出Python量化交易实战 你听说了吗？他们已经在用机器割“韭菜”啦！量化交易技术，让股市赚钱不再难。免费提供配套源程序+学习视频。简单易懂，即便是非金融或投资专业的读者也可以看懂,段小手,¥49.50
" UNIX环境高级编程 第3版 UNIX编程""圣经""新版本 针对新技术全新改版 与Linux相结合的案例教程 UNIX和网络专家Stevens名著 unix/linux程序员案头常备参考书 数十年来影响无数程序员的经典之作",[美]W. 理查德·史蒂文斯（W. Richard Stevens）史蒂芬·A.,¥84.50
 Vue.js设计与实现 Vue.js 官方团队成员霍春阳倾力打造，基于 Vue.js 3 深入解析 Vue.js 设计细节，Vue.js 作者尤雨溪作序推荐，本书提供源代码下载。,霍春阳（HcySunYang）,¥59.90
 动手学机器学习 上海交通大学ACM班创办人俞勇教授团队编写，,张伟楠 赵寒烨 俞勇,¥44.90
 图解HTTP Web开发工程师参考书目 172张图详解HTTP协议 涉及web安全及新技术动向 HTTP指南 图解TCP/IP图解网络硬件图解机器学习图解密码技术姊妹篇,[日]上野 宣 著,¥29.90
 OpenCV 4.5计算机视觉开发实战：基于Python 解析OpenCV图像与视频处理技术，实战停车场车牌识别、物体识别、运动跟踪、人脸检测案例,朱文伟 李建英,¥39.50
 Excel表格制作与数据分析从入门到精通（微课视频版 高效办公）办公软件 数据处理与分析 函数与公式 vba excel 手机扫码看389集微视频讲解，256个行业应用案例，财务市场销售办公人员案头手册！Excel函数公式大全、Excel高效办公。附赠2000个常用模板+1100集Word/Excel/PPT赠送视频。,精英资讯,¥38.00
 R语言临床预测模型实战（新时代·技术新未来） 10余年R语言医学数据挖掘经验，快速转化成发表SCI的秘诀！全流程讲解临床预测模型构建、评价、验证；50多个案例，逐步深入，手把手教学，拿来即用；提供源程序下载,彭献镇,¥84.00
 Rust程序设计（第2版） Mozilla创始团队成员、资深系统程序员编写。Rust一本通，基于Rust 2021大版本，全面介绍Rust核心特性。大量案例，附赠源代码，助你成为Rust编程高手！,[美]吉姆·布兰迪（Jim Blandy）[美]贾森·奥伦多夫（Jason Or,¥89.90
 机器学习在算法交易中的应用（第2版）人工智能丛书 动手学深度学习强化学习 深入浅出python算法交易实战 量化交易 算 机器学习和金融投资图书作品，综合阐述机器学习算法在投资和交易领域中的实践应用。通过本书，读者可了解各种实用的机器学习算法，构建自己的预测模型，设计并评估自己的交易策略，更好地为投资和交易服务。,斯蒂芬·詹森（Stefan Jansen）,¥73.80
 Python从入门到实践（全彩版） Python零基础入门知识，全方位讲解turtle库，配套海量习题，可以作为国家青少年编程能力等级测试参考用书。,明日科技 王国辉 陈佩峰,¥44.90
 大疆TT教育无人机从入门到精通 涵盖大疆TT无人机的编程飞行 、多机编队、智慧感知、创意拓展、智能航拍等方面，配大量案例和代码,蔡冬冬 胡波,¥49.50
 Python深度学习（第2版） 流行深度学习框架Keras之父执笔，涵盖Transformer架构等进展，文字生，简单方式解释复杂概念，不用一个数学公式，利用直觉自然入门深度学习,[美] 弗朗索瓦·肖莱（Franc?ois Chollet）,¥64.90
 完全图解服务器工作原理 服务器入门图书 计算机科普书 服务器原理 服务器与系统架构 高性能服务器编程 服务器架设实战 服 用图解的形式，从作用、技术架构和应用维护等层面，对服务器相关知识进行全面解说！理解Al、loT、大数据、RPA等技术与服务器的关系!介绍实际业务应用场景中的发展动态和前沿动向！,西村泰洋,¥29.50
 MATLAB2020从入门到精通实战案例+视频教程 matlab教程matlab数学建模matlab程序设计matlab 手机扫码看900分钟同步微视频讲解+ 406个实例案例分析，MATLAB入门教程、视频教程、自学教程，赠7大工程应用案例视频及源文件,天工在线 编著,¥42.00
 知行：技术人的管理之路（第2版） 解锁管理智慧，掌握技术人的成功密码！刘建国新作，技术人做管理全流程操作指南，揭示技术管理者的困惑与挑战，带你踏上成功之路！,刘建国,¥44.90
 SPSS 28.0 统计分析从入门到精通（升级版） ,李昕,¥44.50
 学习C++20（中文版） 畅销书持续迭代版本，荟萃C++面向对象程序设计秘笈 。循序渐进，深入浅出，轻松自然地引入面向对象程序设计的概念 。深度聚焦C++20，名师程序员为广大程序员精心设计的专业参考,[美]保罗·J.戴特尔（Paul J. Deitel）[美] 哈维·M.戴特尔（Harvey M. Deitel）著 周靖 译,¥119.00
 机器学习公式详解 人工智能领域中文的开山之作、周志华 西瓜书 机器学习 伴侣书，Datawhale开源协作学习笔记 南瓜书，机器学习初学小白提升数学基础能力的练习书！,谢文睿，秦州,¥29.90
 动画视频+全彩图解 道路交通标志标线大全 新交规不枯燥，预防驾照扣分，标志标线一本通、彩色图解配套动画演示视频讲解，教学、培训、自学均可,郭建英 编,¥34.50
 Python编程实战100例 100个编程实例 1390分钟视频讲解 核心编程应用 项目开发 python进阶 pyth 核心编程应用实例 图形界面编程 自动化编程 网络爬虫 数据库开发 多媒体处理 数据分析 人工智能编程,张晓,¥42.00
" FPGA时序约束与分析 十五年FPGA开发经验, 将时序理论、时序工具、时序约束、时序分析，一网打尽！业界多位专家联袂推荐",吴厚航,¥34.50
 完全图解计算机网络原理 计算机入门书籍图书 计算机程序设计艺术 深入浅出计算机网络 一本书涵盖网络基础、网络构成、网络通信语言、网络数据传输、网络安全技术等知识，全面快速了解计算机网络原理。,基恩 著,¥37.30
 C++ Primer Plus 第6版 中文版习题解答 经典畅销图书《C++ Primer Plus（第6版）中文版》的学习伴侣，北京师范大学名师详细剖析所有题目，全面提升C++编程能力的优选编程练习册,[美] 史蒂芬,¥44.50
 中文版solidworks2022从入门到精通完全自学教程 实战案例+视频教学 机械设计 工程图设计 零件与装配体设计 CAD/CAM/CAE专家编写960分钟同步视频讲解手把手教学70个实例案例分析,天工在线,¥42.00
 我的第一本算法书 人人都能看懂的算法入门书 算法图解彩色版 从零开始趣学算法和数据结构,[日]石田保辉，[日]?m崎修一,¥44.50
 程序是怎样跑起来的（第3版） 计算机组成原理图解趣味版，蹲马桶便能看懂的计算机和编程原理入门知识，网络是怎样连接的，计算机是怎样跑起来的姊妹篇，日文版重印41次,[日]矢泽久雄,¥29.90
name,author,price
 Java从入门到精通（第7版） Java入门经典，95万Java程序员的入行选择。配备升级版Java开发资源库，在线大咖课+在线答疑，学习1小时，训练10小时，从入门到项目上线，打造全新学习生态。,明日科技,¥44.90
 从0到1 SQL即学即用 保姆级SQL教程，基于SQL标准编写，涵盖MySQL、SQL Server和Oracle三大主流DBMS语法差异，附赠配套PPT讲义练习题，适合教学/培训/自学/工作参考的数据库书籍,莫振杰,¥49.90
 Linux高性能网络详解：从DPDK、RDMA到XDP 细致剖析Linux高性能网络主流解决方案，涵盖DPDK和RDMA等当下热点技术，同时涉及前沿的XDP技术，深入理解Linux网络。,刘伟,¥59.40
 零基础玩转iPad数码水彩 Procreate插画入门教程 赠水彩笔刷纸纹 Procreate水彩教程 iPad水彩绘画教程,V脸喵,¥44.00
 程序员的README 每名新入行的工程师在开始工作之前要阅读的书！10年+大型公司初级工程师指导经验的行业大咖教你如何开启职业生涯、扩展工作技能、应对糟糕管理，调整工作节奏！,[美] 克里斯·里科米尼（Chris Riccomini） [美] 德米特里·里,¥39.90
 短视频文案：创意策划、写作技巧和视觉优化 短视频运营，短视频文案策划、写作技巧全包含，轻松创作爆款短视频文案，打造超高点击量和变现力短视频,王小亦 著,¥29.50
 Python3网络爬虫开发实战 第2版 Python之父推荐的爬虫入门到实战教程书籍，上一版销量近10万册，静觅博客博主崔庆才倾力打造，App端也能爬,崔庆才,¥69.90
 我在硅谷管芯片：芯片产品线经理生存指南 是一本详细描述芯片产品线生存指南的好书，作者以自己多年来在美国硅谷管理并参与芯片设计与芯片生产，到芯片的销售和管理以及芯片的升级维护等经历为大家展现了芯片行业的真实情景和实际运作的方法。,俞志宏,¥39.50
 BERT基础教程：Transformer大模型实战（一本书读懂火出圈的chatgpt！） 轻松上手NLP领域的里程碑式模型，了解chatgpt聊天机器人，内含200+张示意图，书中示例涵盖文本分类、问答等常见任务，逐步拆解复杂原理，小白也能看懂,[印] 苏达哈尔桑·拉维昌迪兰（Sudharsan Ravichandiran）,¥44.90
 深入理解LINUX内核（第三版） 为了彻底理解是什么使得Linux能正常运行以及其为何能在各种不同的系统中运行良好，你需要深入研究内核本质的部分。,[美]博韦，西斯特,¥43.60
 大话软件工程——需求分析与软件设计 架构师、需求工程师、项目经理、B端设计人员书,李鸿君,¥99.50
 Kali Linux渗透测试技术详解 【涵盖非常广泛！基于非常流行的Kali Linux系统，详解39款专用工具、38个实例，涵盖从安装配置，到信息收集和漏洞扫描及利用，再到权限提升及各种渗透测试等核心技术。信息安全人员】,杨波,¥29.90
 精通Transformer:从零开始构建最先进的NLP模型 未来引领人工智能世界的事Transformer而非ChatG Transformer——变形金刚红书，如果一定要说未来谁能引领人工智能世界，是Transformer而非chatGPT！,[土]萨瓦斯·伊尔蒂利姆，[伊朗]梅萨姆·阿斯加里-切纳格卢 著，江红 余青松 余靖 译,¥74.20
 循序渐进Vue.js 3前端开发实战 教你活用Vue.js 3全家桶及周边框架构建商业应用,张益珲,¥39.90
 Python王者归来（增强版） 台湾天龙书局科技榜霸榜3年TOP5。全彩印刷。以一敌十的Python全书=Python基础+函数设计+面向对象+计算机视觉+GUI+动画游戏+数据可视化+JSON大数据+Python办公+爬虫+人工智,洪锦魁,¥84.50
 ChatGPT使用指南：人人都应该掌握的AI最强工具 ai应用aigc智能经济chatGPTai革命ai未来进行式书籍 ,苏江 著,¥46.20
 程序员数学 用Python学透线性代数和微积分 500余幅图片+300余个练习，图文结合，边学边练，通过写代码，重新发现数学之美，提供配套源代码和本书彩色图片下载,[美]保罗·奥兰德（Paul Orland）,¥64.90
 调色全面精通：配色方法+照片调色+视频调色+电影调色 笔者多年电视台视频的调色经验，进行知识提炼，倾心、干货之作;既讲照片调色，又讲视频调色，帮助你全面精通照片与视频的双重调色;书中所有案例，提供了素材、效果和教学视频,周玉姣,¥39.90
 最强教科书系列：Excel函数与公式+宏+完全版 办公场景常用技巧，1-2页包含一个知识点，5分钟消化一个使用技巧，效率提升不只一点点,（日）北见昭子 （日）国本温子,¥110.90
 智能硬件项目教程——基于Arduino（第2版） ,中国电子学会 上海享渔教育科技有限公司,¥32.50
 剪映教程：3天成为短视频与Vlog剪辑高手 由剪映课程讲师针对20万学员喜欢的后期处理技巧精心讲解，14个专题内容，87个干货技巧，随书赠送30个短视频拍摄与Vlog运镜技巧手册，帮助读者快速成为短视频与Vlog拍摄达人。,龙飞,¥34.50
 SPSS统计分析从入门到精通（第五版） 畅销书 重磅升级 掌握大数据分析工具成就专业高手,杨维忠 陈胜可,¥54.50
 人工智能算法图解 人工智能初创公司创始人Rishal 帮你入门人工智能算法，只需具备高中数学水平和基础编程知识，两周内实现将人工智能算法嵌入手头项目。,[南非] 里沙尔·赫班斯(Rishal Hurbans)著 王晓雷 陈巍卿 译,¥44.00
 ANSYS Workbench有限元分析实例详解 静力学 耗时两年写就 配套资源高达40GB 书中所有实例均来自工程实践 是有限元理论和工程实践紧密结合的典范,周炬 苏金英,¥39.50
 ChatGPT AI文案写作从入门到精通 用ChatGPT进行AI文案写作，大幅度提高你的创作效率,AIGC文画学院 编著,¥44.00
 运筹优化常用模型、算法及案例实战——Python+Java实现 主要讲述运筹优化领域常用的数学模型、精确算法以及相应的代码实现。,刘兴禄、熊望祺、臧永森、段宏达、曾文佳、陈伟坚,¥64.00
 Excel VBA与宏最强教科书(完全版) 教学视频+全彩印刷+案例文件 电子表格制作教书籍 零基础从入门到精通 函数高 想学Excel VBA？看点有用的！130个好用的Excel VBA办公场景常用技巧，效率提升不只一点点！,[日]国本温子 著，祁芬芬 译,¥40.00
 零基础学C语言（全彩版）C语言入门经典教程 双系统；双开发环境（VisualStudio和VisualC++6.0）;15小时视频；168个实例；168个练一练；从基础知识到完整项目！,明日科技(Mingri Soft),¥27.20
 图解TCP/IP网络知识轻松入门 图解概念一清二楚，零基础学习网络的入门书；原版书销量突破700000册。,日本Ank软件技术公司 著,¥39.90
 Unity 3D从入门到实战 unity3d游戏开发 unity3d脚本编程 网络游戏实战 C#脚本开发 AR/VR元宇 Unity 2021全新版本Unity主程编写开发实战总结 从脚本编程到案例实战全栈式技能开发案例实战 元宇宙AR/VR虚拟仿真开发,张尧,¥45.60
 基于深度学习的生命科学 本书概述了深度学习在生命科学许多领域的应用，包括在遗传学、药物发现以及医学诊断中的应用,"[美]巴拉斯拉姆达,[美]彼得伊斯曼,[美]帕特瑞克瓦尔特,[美]维杰潘德",¥66.60
 计算机科学概论（第13版） 计算机科学基础理论导引数据科学导论 数据分析思维算法导论，全景式展现计算机科学，在保持学科广度的同时，兼顾主题深度，导论性教材的不二之选,[美] J. 格伦,¥44.50
 AI降临：ChatGPT实战与商业变现 ChatGPT助力掘金，一个人的超级团队时代来临！,张永刚、杜一凡、欧阳军 编著,¥49.00
 完全图解云计算云服务工作原理 通信技术计算机科普书 分布式服务 云计算概念入门 云服务器架构 云计算安全 云计算与大数据 从构建技术、驱动技术和安全等层面来解释云计算！涵盖过去、现在、未来的IT技术发展和具体示例！介绍实际业务应用场景中的发展动态和前沿动向！重点讲解商务人士开展业务需要的知识！,西村泰洋,¥29.50
 手把手教你学51单片机——C语言版（第2版） 集理论知识、视频教程、教学课件与技术支持于一体的新形态教材！300多所高校选用、销售100000多册、第四届中国大学出版社优秀畅销书一等奖！,宋雪松,¥39.50
 Python+Excel/Word/PPT一本通 零基础轻松掌握Python办公自动化诀窍，逐行解析代码，学会办公软件与python结合办公！免费赠送随书PPT+源代码+重点内容的讲解视频，助你成为办公室效率,马文豪（@小码哥）,¥49.90
 剪映视频剪辑从小白到大师（电脑版） 一天变高手，vlog剪映教程技巧大全，全书扫码观看260分钟教学视频，68集效果+67个教程,龙飞 编著,¥49.00
 地理信息系统Arcgis 从基础到实践 视频案例教学arcgis 10.7编程开发GIS技术开发完全自学教材 大数据地理 ArcGIS 10.7*教程，163个配套操作视频，99个工具详细讲解，众多案例和打印工具,闫磊 张海龙 编著,¥41.60
 C Primer Plus 第6版 中文版习题解答 图书《C Primer Plus》的学习伴侣 北京师范大学名师详细剖析所有题目 提升C编程能力的优选编程练习册,[美] 史蒂芬,¥44.90
 深度学习：从基础到实践（上、下册） 本书采用通俗易懂的讲解方式，搭配近千张图例与示例，深入浅出的讲述了深度学习的基本概念与理论知识，不涉及复杂的数学内容，零基础小白也能轻松掌握！,安德鲁·格拉斯纳（Andrew Glassner）,¥99.90
 大数据安全治理与防范——网址反欺诈实战 来自互联网一线大厂的业务安全指导书，从0到1学网址反欺诈，腾讯专业工程师分享千亿级网址安全对抗技术，带你掌握大数据安全思维下的网址反欺诈系统搭建！让你的网络世界更安全！,张凯 牛亚峰 等,¥39.90
 有效需求分析 ,徐锋 著,¥34.50
 C#入门经典（第9版） 屡获殊荣的C#名著和优秀畅销书，更新至 C# 9.x 和 .NET 5.x。随书赠送源代码和习题答案，获取地址见书封底二维码。,[德] 本杰明·帕金斯(Benjamin Perkins)，乔恩·D. 里德(Jon D. Reid) 著 齐立博 译,¥59.00
 深度学习经典教程：深度学习+动手学深度学习（套装共2册） “花书”与沐神大作双剑合璧，入门深度学习看这一套就够了，来自一线科学家的经验总结，人工智能机器学习AI算法数据科学领域的重磅作品,[美]Ian Goodfellow、[加]Yoshua Bengio、[加]Aaron Courville Aston Zhang Mu Li[美,¥126.50
 算法竞赛入门到进阶 ACM-ICPC、CCPC、中学NOI竞赛培训指南与知识点详解（附精讲视频） 120分钟视频讲解，讲解竞赛所常用的知识点，以及如何把知识点和竞赛题结合起来,罗勇军、郭卫斌,¥29.90
 CG造型基础与创作·进阶篇 ,Victor cloux陈威,¥61.40
 深入浅出通信原理 通信人家园论坛总点击量800万的神帖 七年磨一剑 被网友称为通信界的《明朝那些事儿》 与《大话通信》《大话无线通信》《大话移动通信》同基础全面的计算机IT学科普及书,陈爱军,¥44.50
 C#图解教程 第5版 长销十余年、数万读者认可的C#入门经典再次更新 全面涵盖C# 6.0和C# 7.0的新增特性 简洁的文字描述并辅以清晰易懂的图示 高效掌握和透彻理解C#语言的不二之选,[美] 丹尼尔·索利斯（Daniel Solis）卡尔·施罗坦博尔（Cal Sc,¥64.50
 Excel+Python 飞速搞定数据分析与处理 零基础Python编程数据分析，Excel办公自动化处理，手把手教学，告别烦琐公式和VBA代码，办公人士也能轻松学习Python数据处理自动化，让你的Excel快得飞起来！,[瑞士]费利克斯,¥44.90
 Word最强教科书[完全版] 零基础自学office电脑基础从入门到精通 计算机办公软件快捷操作视频教程书 想学好Word？看点有用的！系列新成员前来报到，128个超好用的Word办公场景常用技巧，效率提升不只一点点！,张栋 著,¥40.00
 计算机网络（第6版） 国际计算机网络权威作者Tanenbaum著作，著名译者潘爱民倾力翻译，教辅支持，请联系QQ381844463。,（美）安德鲁·S.特南鲍姆,¥69.00
 Linux命令行大全 第2版 手把手教你学Linux操作系统，脚本shell编程代码书写，系统管理编程运维，学习使用bash（Linux Shell）编写完整的程序。,[美]威廉·肖特斯（William Shotts）,¥64.50
 Python模块参考手册·系统与控制（全彩版） Python模块“手册”，262个快学快用，111个属性方法，两大核心模块，内置系统模块专用工具书。易查！易学！易用！,明日科技(Mingri Soft),¥26.90
 Python数据结构与算法分析（第3版） 只有洞彻数据结构与算法，才能真正精通Python！热门计算机科学教材，华盛顿大学、北京大学等多家高校采用，让你在代码编写的战场上所向披靡！,[美] 布拉德利,¥49.90
 C++高性能编程 本书涉及C++高性能编程的5个重要因素，包括计算硬件、高效使用编程语言、编译器、良好的设计和程序员自身。,[美]费多尔·G.皮克斯 著 刘鹏 译,¥69.50
 HuggingFace自然语言处理详解——基于BERT中文模型的任务实战 系统讲解HuggingFace工具集，包括基础知识、实战示例及底层原理 ！内容全面、语言简洁、代码清晰,李福林,¥34.50
 C++少儿编程轻松学 写给中小学生的零基础教程 ,左凤鸣,¥39.90
 中文版EPLAN P8 2022电气设计从入门到精通（实战案例版）eplan书籍 电气工程师书籍电气自动化书籍 epla CAD/CAM/CAE微视频讲解大系专家教程260分钟同步讲解视频+110个实例案例分析+赠送资源+在线交流,天工在线,¥42.00
 C++20实践入门（第6版） C++入门从Beginning C++20开始，讲解如何使用新推出的C++20编写程序,[比] 艾弗·霍尔顿(Ivor Horton)，彼得·范·维尔特(Peter Van Weert) 著 周百顺 译,¥79.00
 零基础学数学建模 一线知名专家执笔，理论实践并重,国忠金 尹逊汝 孟静 刘伟彦,¥24.50
name,author,price
 Python机器学习基础教程 基于Python3的机器学习入门教程 以机器学习算法实践为重点 使用scikit-learn库从头构建机器学习应用 涵盖模型评估调参方法 交差验证网格搜索 管道概念及文本数据处理方法等内容,[德]安德里亚斯,¥39.50
 Arduino编程与硬件实现 Arduino + 电子元器件，软件+硬件 一本掌握,樊胜民，樊攀，张淑慧 编,¥24.00
 与梦境的距离 Terry F的人像摄影灵感与技术 （1）观念摄影是摄影＋艺术后期的艺术创作，诞生如游戏原画、艺术品般的摄影作品。 （2）ps后期“手把手”教学，告别傻瓜式修图，掌握修图核心技巧。 （3）摄影核心理念，让你从拍好看到拍大片。 （4）特殊,冯韬,¥49.90
 软件平台架构设计与技术管理之道 驾驭复杂平台的深度思考，顶层架构设计的实践分享。 领悟大道至简的技术哲学观，掌控IT管理与决策的智慧锦囊。,由维昭,¥39.50
 数据仓库工具箱(第3版)——维度建模权威指南 维度建模技术、模式和实践，14个案例涉及零售业、电子商务、客户关系管理、采购、库存、订单管理、会计、人力资源、金融服务、医疗卫生、保险、教育、电信和运输等,[美] Ralph，Kimball，[美] Margy，Ross 著，王念滨，周连科，韦正现 译,¥39.50
 Kubernetes从入门到DevOps企业应用实战 从0到1，从零开始全面精通Kubernetes，助力企业DevOps应用实践,韩先超,¥64.00
 中文版 LabVIEW 2020 从入门到精通 （实战案例版）（CAD/CAM/CAE微视频讲解大系）labview从零 中文版LabVIEW 2020从入门到精通 实战案例教程 labview图形化编程宝典 数据采集 信号处理 虚拟仪器设计与应用完全自学书籍,天工在线,¥42.00
 手机短视频Vlog策划、拍摄、剪辑、运营、变现直播带货一本通 剪映短视频剪辑从入门到精通教程 短视频编辑与制作 创业运营 手机短视频百科全书：抖音头条小红书微信视频号淘宝微博知乎哔哩哔哩短视频策划拍摄、视频剪辑、运营变现直播带货流量暴涨教程零基础入门,唯美世界 曹茂鹏,¥42.20
 中文版Photoshop 2022完全自学教程 累计入库百万册的PS百科全书，470页全面解读Photoshop操作技巧，新增2022新版功能，331个实战案例、410个配套视频、635个免费设计素材、学习手册、PPT课件及作者答疑服务群。,李金明 李金蓉,¥59.90
 Unity 2D游戏开发 使用C#进行独立游戏编程，专注于2D游戏和Unity不断扩展的2D工作流程。 让发现、购买和销售游戏比以往任何时候都容易。,[美]杰瑞德·哈尔彭(Jared Halpern) 著；郭华丰 陶有旺 译,¥39.90
 Python神经网络编程 ,[英]塔里克·拉希德（Tariq Rashid）,¥39.90
 C#从入门到精通（第7版） C#入门经典，18万C#程序员的入行选择。配备升级版C#开发资源库，在线答疑，学习1小时，训练10小时，从入门到项目上线，打造全新学习生态。,明日科技,¥49.90
 完全图解编程原理 零基础入门编程程序设计 编程的百科全书编程思想 一本关于编程的专业科普书 涵盖语言特征 网络知识 数据 什么是编程，程序开发有哪些方法，开发中使用什么工具，程序员是怎么工作的，计算机中数据是怎么处理的，算法是什么，Web基础与网络安全，本书给你答案。,增井敏克,¥37.30
 cad cam cae完全自学教程中文版Mastercam2022数控加工从入门到精通 实战案例视频版 masterca CAD/CAM/CAE专家编写590分钟同步视频讲解手把手教学+137个实例案例分析+赠送资源+在线服务,天工在线,¥46.60
 中文版Illustrator 2022从入门到精通（微课视频全彩版唯美世界）adobe illustrator ai完全 畅销百万册唯美系列新作专家教程 赠208集教学视频+149个实战案例+海量赠送资源+素材源文件+在线交流,唯美世界瞿颖建,¥59.80
 Linux设备驱动程序（第三版） Linux社区的领导者经典著作，畅销不衰的Linux开发精粹。累计印刷25次，销量逾80000册。,"（美）科波特（Corbet,J.） 等著，魏永明，耿岳，钟书毅 译",¥30.70
 动手学强化学习 机器学习入门书籍，深度学习人工智能神经网络前端开发，上海交通大学ACM班创始人俞勇教授团队编写，由李航、李沐等多位业内领军人士力荐！,张伟楠 沈键 俞勇,¥44.90
 人工智能简史 第2版 详解人工智能起源、神经网络、深度学习、自然语言处理、遗传算法，获中华优秀出版物图书奖、吴文俊人工智能科技进步奖，入围央视,[美] 尼克,¥39.50
 剪映教程：短视频+Vlog制作一点通视频教学版唯美世界 剪辑书 剪映短视频剪辑从入门到精通 短视频拍摄与制作 手机短视频 59个实例案例分析+326分钟视频教学+视频源文件动手练+电脑版手机版案例实操，涵盖短视频剪辑、美颜、抠像、蒙版、音频、文字、调色、动画、特效等,唯美世界 曹茂鹏,¥42.00
 神经网络与深度学习——基于MATLAB的仿真与实现 系统论述神经网络及深度学习的基本理论、方法、技术和MATLAB仿真案例!多位行业知名专家联袂推荐,姚舜才、李大威,¥44.50
 原子嵌入式Linux驱动开发详解 本书配有数十个项目例程和源代码，并配有丰富的教学视频内容,左忠凯,¥84.50
 深度学习计算机视觉 计算机如何“理解”它所“看到”的东西?本书试图将深度学习应用于计算机视觉以回答该问题。随书赠送源代码和附录，获取地址见书封底二维码。,[埃及] 穆罕默德·埃尔根迪(Mohamed Elgendy) 著 刘升容 安丹 郭平平 译,¥64.00
 Python树莓派开发从入门到精通 120个应用实例+5个行业项目案例+136集Python零基础扫盲课，零基础入门+范例导学+项目实战，轻松玩转树莓派。,明日科技,¥44.90
 MATLAB数学建模（第2版） MathWorks Fellow Jim Tung作序！ 丛书累计销售20多万册！微课视频+程序代码+课件素材+测试题库+算法代码！,李昕,¥59.00
 中文版Excel 2019高级VBA编程宝典(第9版) 一站式VBA充电站，借助VBA成为Excel高级用户。 助你从普通数据分析人员华丽蜕变为Excel编程专家。,[美] 迈克尔·亚力山大（Michael Alexander）、迪克·库斯莱卡（Dick Kusleika）著 石磊 译,¥64.00
 图解TCP/IP：第5版【原版畅销36万册！268张图解轻松入门】 图文并茂的网络管理技术书籍 TCP/IP圣经级教材 图解HTTP 图解网络硬件 图解机器学习 图解密码技术姊妹篇 原版畅销36万册,"(日)竹下隆史,等",¥34.50
 Premiere Pro 2022视频编辑从入门到精通 随书赠送配套电子课件、实例源文件和教学视频，获取地址见书内容简介网址，前言和封底二维码。教材服务QQ:1815317009,王楚然、刘天奇,¥59.00
 Python从入门到精通（第3版） Python入门经典，26万Python程序员的入行选择。配备升级版Python开发资源库，在线大咖课+在线答疑，学习1小时，训练10小时，从入门到项目上线，打造全新学习生态。,明日科技,¥44.90
 Procreate数字绘画从入门到精通 iPad手绘Procreate数字绘画从入门到精通迪斯尼角色设计科幻幻想题材游戏动漫主题手绘技法,（英）3dtotal Publishing（3dtotal 出版社）,¥54.00
 动手学深度学习 人工智能机器学习深度学习领域重磅教程图书 Amazon科学家作品 交互式实战环境下动手学深度学习的全新模式 原理与实战紧密结合,阿斯顿·张,¥42.50
 漫画计算机原理 在异世界从零制造计算机 漫画展示计算机组成原理，青少年、成人计算机科普读物，如何制造计算机，计算机原理教学参考书,[日]川添爱,¥34.90
 MySQL从入门到精通（第3版） MySQL入门经典，32万数据库开发人员的入行选择。配备数据库开发资源库+在线答疑，学习1小时，训练10小时，从入门到项目上线，打造全新学习生态。,明日科技,¥44.90
 小学生C++编程入门 开发智力、启发思维、培养创新意识和能力，一本特别为小学生量身定做的C++编程入门书。,喻蓉蓉 主编,¥28.00
 ACM国际大学生程序设计竞赛：知识与入门 ,俞勇 主编,¥17.50
 cad cam cae微视频讲解大系 中文版AutoCAD2023从入门到精通实战案例视频教学 autocad教材自学版 2023新版Autodesk官方认证考试专家编写手机扫码看192集微视频讲解+165个实例案例分析，赠送丰富资源,天工在线,¥42.00
 父与子的编程之旅 与小卡特一起学Python 第3版（全彩印刷） Python青少年编程启蒙畅销书全新升级，问答式讲解，从孩子的视角展现逻辑思维过程，寓教于乐，趣味游戏与编程知识无缝衔接，全彩印刷,[美] 沃伦·桑德（Warren Sande） 卡特·桑德（Carter San,¥59.50
 交通时空大数据分析、挖掘与可视化（Python版） 全面梳 理总结交通大数据科研所需技能，并与交通领域的大量实际案例分析结合,余庆，李玮峰,¥84.50
 Vue.js 3.x+Element Plus前端开发实战 一本资深Web前端开发工程师编写的Element Plus框架书,趣千厘,¥49.50
" 中文版 ANSYS Fluent 2022流体分析从入门到精通（实战案例版）流体计算ansys fluent数值计算方法 CAD/CAM/CAE/EDA专家编写,329分钟同步讲解视频+21个实例案例分析+源文件+赠送资源+在线交流",天工在线,¥42.00
 Flask Web全栈开发实战 从Flask基础到Flask进阶，再到企业级论坛项目实战以及WebSocket在线聊天系统实战，囊括真实工作场景中绝大部分技术要点。原理讲解+项目驱动，让您真正实现从零基础到实战应用的飞跃。,黄勇,¥39.50
 深度学习图解 深度学习是人工智能的一个分支，这本书以有趣的图解方式为你揭开深度学习的神秘面纱,[美]安德鲁·特拉斯克(Andrew W. Trask)著 王晓雷 严烈 译,¥49.50
 大话存储 新——存储系统底层架构原理极限剖析 存储圣经。,张冬,¥99.50
 Simulink仿真及代码生成技术入门到精通 如果你将毕业，你肯定期望有一份体面的工作；如果你已经是工程师，你肯定期望拿到更高的薪酬。从Hyowinner这本书里汲取Simulink仿真及代码生成经验，用实在的技术去实现你的目标吧！,孙忠潇 编著,¥34.50
 Python青少年趣味编程全彩版 独家配备71集视频教学课程 手机扫码看视频 少儿编程 小学生趣味编程 教孩子学编程 少 ,张彦 编著,¥29.50
 云原生Kubernetes全栈架构师实战 超过60万学员热棒，一线K8s工程师潜心之作，众多业界专家力荐,杜宽,¥69.00
 ae书籍中文版After Effects 2022从入门到精通（微课视频全彩版唯美世界）短视频剪辑教程 影视后期特效 A 135集同步视频+78个实例案例讲解，手机扫码看视频+在线交流，百万加读者喜爱的唯美系列，视频后期处理/特效制作/视频剪辑，赠Premiere基础视频+PS基础视频,"唯美 / 唯美世界 , 曹茂鹏编著",¥59.80
 Python网络爬虫从入门到实践（全彩版）自动化数据采集，入门知识，项目实践 Python3爬虫开发图书（彩色版）：详解自动化获取数据、数据解析、数据清洗、反爬以及数据可视化等知识，125个示例+2个综合案例+1个项目,明日科技 李磊 陈风,¥49.00
 C和指针 ,[美]肯尼斯·里科（Kenneth Reek）,¥49.50
 零基础学Java（全彩版）Java新手入门自学教程 零基础自学编程的入门图书，由浅入深，详解Java语言的编程思想和核心技术，配同步视频教程和源代码，海量资源免费赠送,明日科技(Mingri Soft),¥34.90
 ANSYS Workbench有限元分析实例详解（动力学） 有限元理论和工程实践紧密结合的典范 解决ANSYS Workbench动力学分析实际操作和工程问题数值模拟 模态分析的基础教程 配套资源丰富,周炬 苏金英,¥54.00
 和秋叶一起学 秒懂WPS演示文稿 WPS演示文稿PPT教程书籍教PPT设计思维，基础操作+实战应用，由易到难分类整理PPT高频应用技巧，解答职场常见操作难题，赠送配套讲解视频、演示模板及资料包。,秋叶 赵倚南,¥24.90
 中文版Rhino 7完全自学教程 Rhino产品设计、工业设计学习实用图书，900多分钟在线教学视频，68个实战+7个综合实例，全面学习Rhino的各项功能与技术,姚一鸣,¥64.90
 说服力 工作型PPT该这样做 别告诉我你懂PPT，和秋叶PPT学办公软件，视频教学教职场小白学现代商务办公PowerPoint幻灯片，快速走上PPT高手之路，搞定PPT设计思维，赠10G PPT素材下载和纸质PPT品控手册。,秦阳,¥34.90
 STM32Cube高效开发教程（基础篇） STM嵌入式系统开发教程，系统性地介绍STM32的HAL库开发，附赠示例源代码、示例运行演示视频和课件，STM32应用开发者入门到进阶参考书籍。,王维波 鄢志丹 王钊,¥59.90
 Efficient Linux命令行 这本书介绍了大量Linux命令行的使用技巧，这些知识不仅可用于当前工作，甚至会影响你的整个职业生涯。仅第1章介绍的内容就已物超所值。,[美]丹尼尔·J. 巴雷特（Daniel J. Barrett）马晶慧,¥39.20
 用Python学数学 编程思维与数学思维强强联合，利用Python的可视化方法，基于Python 3代码示例，解决经典的代数、几何、三角、微积分等数学案例，开启程序员的数学与Python的奇幻之旅，全彩印刷。,[美]彼得·法雷尔（Peter Farrell）,¥54.90
" C# 10 和 .NET 6入门与跨平台开发（第6版） 一本循序渐进的C#指南,涵盖C# 10和.NET 6的所有新功能。随书赠送彩图、代码和习题答案，获取地址见书封底二维码。",[美] 马克·J.普莱斯(Mark J. Price)著 叶伟民 译,¥84.00
 乐高机械结构设计 精选6大类100多款乐高机械结构设计作品，案例涉及齿轮机构、连杆机构、传动机构、机械手、变速箱和综合装配等类别。支持扫码观看成品视频演示和案例详细搭建步骤图,程罡,¥44.50
 Hadoop权威指南：大数据的存储与分析（第4版） 引领大数据与云计算，为读者创造巨大价值的高端技术类畅销书，累计销量超过10万册,Tom White著 王海，华东，刘喻，吕粤海 译,¥74.00
 FLL+WRO乐高机器人竞赛教程——机械、巡线与PID 以spike和EV3机器人为载体同步编写。 通过180多例搭建和200多例程序探索竞赛机器人的设计。,蔡冬冬 沈松华,¥49.50
name,author,price
 DaVinci Resolve 18 达芬奇视频剪辑与调色 案例的操作步骤中穿插了大量扩展知识和相关技巧，全面讲解了DaVinci Resolve的各项功能。,王岩 罗沙,¥49.50
 WPS Office高效办公一本通：文字·表格·演示·PDF·脑图 WPS Office办公软件从入门到精通,博蓄诚品 编著,¥34.50
 机器视觉技术基础 零基础机器视觉及应用入门书。HALCON软件应用指南。人工智能学习技术。,肖苏华 主编,¥34.50
 Excel数据分析方法、技术与案例 萃取自海量商业数据分析实践，透彻解析Excel的数据分析用法，数据透视表函数公式数据可视化建模，财务、HR、生产、经营管理等实战数据分析模型。,羊依军 三虎,¥54.90
" eNSP网络技术与应用从基础到实战 全程操作视频，技术大牛大阮晓龙老师力作,一站式掌握，立体学习资源，突出工程化训练，轻松脱离业余级别，","许成刚,阮晓龙,高海波,杜宇飞, 刘海滨",¥31.80
 人工智能与ChatGPT（新时代·科技新物种） 一本书全面掌握ChatGPT，既有向ChatGPT提问的技巧， 也有构建自己的ChatGPT模型的方法，涵盖开发背景、关联技术、使用方法、应用形式、实用案例等,范煜,¥49.50
 PID控制系统设计——使用MATLAB和Simulink仿真与分析 本书适合学生、研究者和工业实践者学习PID控制系统的设计和实现；同时涉及无人机PID控制，包括多旋翼无人机的数学模型、无人机的控制策略、无人机PID控制器的自动整定、无人机的增益调度PID控制器和无人,[澳]王六平（Liuping Wang）著 于春梅 王顺利 译,¥44.50
 SQL进阶教程（第2版） SQL进阶中级！数据库工程师的SQL技能提升指南！理论与实践相结合，由浅入深地讲述SQL技巧，160张图表+412段代码，示例程序均可下载，切实提升SQL水平！,[日]MICK,¥44.90
 微信公众号平台操作与版式设计（微课版） 详解微信公众号后台操作和排版方法，帮助读者学会制作好看、吸引人的公众号推文，提高新媒体和电商工作人员的工作效率和操作技巧，深入了解微信公众号后台的操作流程,文杰书院,¥44.50
 The Little SAS Book 中文版 统计分析和数据挖掘领域风靡全球20多年的“圣经级”经典小黄书《The Little SAS Book》引进中文版，SAS中国公司官方支持。SAS公司联合创始人古德奈特、中国人民大学陈忠阳、中信银行梁建,"[美]Lora D. Delwiche（洛拉·D·德尔维奇） , Susan J. Slaughter（苏珊·J·斯劳特） 著，小小SAS翻译组 译",¥49.50
 图解算法：使用C语言 理解零负担，采用功能强大的C语言演绎算法思维,吴灿铭、胡昭民,¥24.50
 ANSYS CFD网格划分技术指南 跟CAE大神流沙学画网格，掌握ANSYS CFD系列网格划分技巧,胡坤，邓荣，梁栋 编著,¥39.00
 WPS Office高效办公应用与技巧大全（案例·视频）适用2016/2019版 wps完全自学教程从入门到精通新版 流 ,何国辉 著,¥42.00
 蓝桥杯 真题分类解析（C/C++版·软件类） 蓝桥真题 帮你走上赛事之巅 分类解析 让你更快荣获国一,丁向民,¥29.00
 计算机是怎样跑起来的 计算机网络概论图解趣味版 网络基础知识书籍 菜鸟程序员入门书籍,[日]矢泽久雄,¥29.90
 中文版SketchUp 2022完全实战技术手册 全彩印刷 超值赠送： 138个视频文件，时长近24小时。 大量相关素材文件，容量高达12GB。,孙英杰 田园 李洋,¥49.50
 Python量化交易实战 基本面量化投资策略 量化交易算法之路 量化交易核心技术开发从入门到精通 量化交易从入门到实践 凝聚作者15年交易经验，全流程讲解量化交易，大量案例实战，依次击破实践难点，教你快速上手,李天胜,¥32.60
 Excel 高效办公 数据处理与分析（第3版） 数据排序 筛选 分类汇总 数据透视表 函数与公式 图表等知识 VBA宏编程序函数据整理处理统计分析测试定制作图表,神龙工作室,¥29.90
 剑指大数据——Hadoop学习精要 ,尚硅谷教育,¥52.50
 HCIP-Datacom认证实验指南 2023最新华为数通认证实验手册 华为HCIP路由与交换技术 hcipdataco 华为最新HCIP认证备考手册，涵盖最新版HCIP-Datacom考试认证内容 以企业需求为导向，精简理论，技能为主，配备知识点及实验授课视频，在线交流,长沙卓应教育咨询有限公司 组编 ，刘伟、王鹏编著,¥46.10
 Scratch少儿趣味编程100例全彩版 Scratch 3.0零基础启蒙 43小时独家视频讲解 小学生趣味编程 教孩子 50万粉丝少儿编程教育大V力作，43小时2580分钟全程视频讲解，100个趣味实例演示，全彩全图印刷，多元化学习服务，带孩子轻松学！AI时代，会编程的孩子不会输！,爱编程的魏校长 编著,¥42.00
 网络运维从入门到精通——29个实践项目详解 ,樊胜民 编,¥49.50
 CLR via C#（第4版） 权威力作全新全面升级，名著名译再显经典魅力,（美）李希特 著，周靖 译,¥54.50
 R语言实战 第2版 【图灵程序设计丛书】R语言入门到精通 大数据挖掘 用R轻松实现数据挖掘 数据可视化 从实际数据分析出发 全面掌握R编程 新增预测性分析 简化多变量数据等近200页内容,[美]卡巴科弗（Robert I. Kabacoff）,¥49.50
 我跟爸爸学编程：从Python到C++ 从初中生的视角讲解Python和C++两种语言,叶哲语、叶洪涛,¥29.50
 人工智能导论 面向非计算机专业的人工智能入门书籍，新一代信息技术丛书,李德毅 于剑 中国人工智能学会,¥22.00
 数据分析——统计、描述、预测与应用 知名学者联袂编著，畅销全球的数据分析经典教材！系统论述数据分析原则和方法的学习指南！,[葡]乔·门德斯·莫雷拉 [巴西]安德烈·卡瓦略 [匈]托马斯·霍瓦斯 著 吴常玉 译,¥39.50
 机器学习常用算法速查手册 用Python处理结构化数据，本书代码经过精心剪裁，长度适中，以便你灵活将其运用到自己的项目中。,"马特哈里森,杜春晓",¥86.20
 反欺骗的艺术——世界传奇黑客的经历分享 世界头号黑客米特尼克将功补过的“社交工程学”名作，以一个个侦探故事的形式讲述了积累一生的宝贵亲身经历,"(美) 米特尼克(Mitnick, K. D.)，(美) 西蒙(Simon, W. L.) 著，潘爱民 译",¥39.00
" 高速电路研发与设计典型故障案例解析 一板成功 聆听一线工程师的硬件案例分享,感受项目实战的真实场景",张晶威,¥19.50
 用户故事地图 ,Feff，Patton著，李涛 著,¥34.90
 临界：人工智能时代的全球法变迁 本书是国内讨论信息革命与全球法变迁的学术专著，鉴于当前人工智能等技术发展带来的深刻影响，这一专著可以满足法学和其他学科研究者的广泛关注和需要。,余盛峰,¥49.50
 Excel高效办公应用与技巧大全第2版 excel高效办公数据处理与分析 excel图表之道 excel函数与公式 ex ,IT新时代教育 编著,¥32.60
 中小学Python编程项目学习创意课堂（微课版） 青少年编程零基础入门，一线信息技术老师通过60多个项目案例教孩子入门、掌握Python语言编程的方法与技巧。随书配有案例素材、源文件、答案、PPT课件、教学微课等立体化资源，获取地址见书前言二维,方其桂 主编，梁祥 刘锋 副主编,¥39.90
 超简单：用ChatGPT+实用AI工具让Office高效办公飞起来 ai应用aigc智能经济chatGPTai革命ai未 ,快学习教育◎编著,¥36.90
 原子嵌入式Linux驱动开发详解与实战（ARM Linux驱动） 本书配有数十个项目例程和源代码，并配有丰富的教学视频内容,左忠凯,¥89.00
 Excel高效商务办公一本通 Excel从入门到精通，表格制作+数据分析+数据处理+图表展示，海量学习资源,博蓄诚品 编著,¥34.50
 代码整洁之道 程序员的职业素养 代码整洁之道Clean Code姐妹篇 编程大师40余年心得体会 阐释软件工艺中的原理 技术 工具和实践 助力专业软件开发人员具备令人敬佩的职业素养,[美]罗伯特 C. 马丁（Robert C. Martin）,¥24.50
 Word/Excel/PPT从入门到精通office教程（视频讲解+彩色印刷）wps office 办公软件 办公应用从 手机扫码看233集微视频讲解，220个行业应用案例，双色印刷，MS Office高效办公。附赠2000个常用模板+1100集Word/Excel/PPT赠送视频。,精英资讯,¥42.00
 编程珠玑 第2版 复杂编程和算法习题 程序员案头书单 融实战技术与趣味轶事于一炉 带你领略计算机科学之美,[美] 乔恩·本特利（Jon Bentley）,¥29.50
 质性研究数据分析工具NVivo 12 实用教程 NVivo软件 定性分析软件书籍 同质化研究工具 NVivo官方认证专家冯狄编写 实例讲解 可以使用配书资源按照习题的要求进行练习,冯狄,¥29.50
 中文版 UG NX 12.0数控加工从入门到精通实战案例+视频讲解 ug12教程教材 数控编程模具设计 cad从入门到精 UG NX数控加工 机械加工实战教材 CAD CAE CAM微视频讲解大系列 手机扫码看120集微视频讲解+实例案例分析，UG数控加工案例视频实战教程,天工在线,¥42.00
 信息学竞赛入门篇 本书由全国青少年信息学奥林匹克竞赛金牌教练精心编写而成，书中知识体系完善，内容丰富，并配有真题及详解。本书可作为算法竞赛、全国青少年信息学奥林匹克竞赛NOI等相关比赛的入门教材。,信息学名师工作室,¥38.00
 领域驱动设计 软件核心复杂性应对之道 修订版 领域驱动设计 软件核心复杂性应对之道 修订版DDD软件项目开发教程书籍 领域驱动设计实践指南 领域驱动设计与模式实战,[美] 埃里克 埃文斯（Eric Evans）,¥49.90
" 机器学习公式详解第2版 周志华西瓜书《机器学习》伴侣书南瓜书新版上市！了解人工智能ChatGpt底层数学逻辑！ 周志华""西瓜书""《机器学习》伴侣书南瓜书新版重磅上市！机器学习初学人工智能小白提升数学基础能力的练习书，Datawhale开源协作学习笔记",谢文睿，秦州，贾彬彬,¥44.90
 AI超级个体：ChatGPT与AIGC实战指南 ChatGPT、AI数字人技术、Midjourney、StableDiffusion等工具能让你如虎添翼，被AI赋能，成为真正的超级个体,易洋（@findyi）,¥54.50
 Python OpenCV 从入门到实践（全彩版） ,明日科技 赵宁 赛奎春,¥49.00
 PPT最强教科书：[完全版] 想学好PPT？看点有用的！热销系列新成员前来报到，123个好用的PPT办公场景常用技巧，效率提升不只一点点！,张栋 著,¥40.00
 大话计算机：计算机系统底层架构原理极限剖析 全新版 ,冬瓜哥,¥349.00
 计算机与人脑(汉译名著本9） 计算机之父约翰·冯·诺伊曼奠基之作,[美]约翰·冯·诺依曼 著 王文浩 译,¥12.50
 深度强化学习(王树森、黎彧君联合导师北大张志华作品)(图灵出品) 入门深度强化学习就用猫书！北大教授王树森等业内大咖新作，涵盖近十年热门深度学习方法，围绕实用、精简两大原则，140多幅全彩插图，PPT与公开视频课程，让你的深度学习之旅倍感愉悦！,王树森 黎彧君 张志华,¥64.90
 Zemax中文版光学设计从入门到精通 零基础入门Zemax光学设计，适用于Zemax 2019-2022各个主流版本，图文并茂深入浅出，光学设计从入门到精通，附赠素材文件及教师资源PPT课件。,追光者,¥49.90
 Python网络爬虫技术与应用 以Python爬虫为主线，全面介绍Python相关技术与应用，赠送课程大纲、教学课件PPT、实验手册、各章习题及答案、期末试卷及答案、教学和实验视频。,邓维 李贝 汤小洋 主编 康毅滨 林海玉 刘燕秋 林建雄 刘庆胜 钟晓颖 副主编,¥34.90
 Linux是怎样工作的 富士通一线Linux内核开发工程师十年经验总结，大量实验程序及198张图解，实验程序使用C和Python编写，直击Linux运行原理，现代计算机操作系统图解趣味版。,[日]武内觉,¥34.90
 SSM + Spring Boot + Vue.js 3全栈开发从入门到实战（微课视频版） （1）内容系统全面 （2）精心设计大量实例和案例。 （3）配套资源丰富。,陈恒 李正光 楼偶俊 刁建华,¥49.90
 Photoshop CC完全自学教程：从入门到实践 全新全彩版Photoshop CC自学入门教程，附送20G精彩B站操作视频，可扫描书中二维码观看！前4A广告公司御用设计师力作，PS平面设计、 淘宝美工、 照片处理 、网页设计宝典。,张雨秋 著，竹石文化 出品,¥22.20
 华为HCIP路由与交换技术实战 深入讲解HCIP的关键技术，配有大量示例及实验演示!内容循序渐进，配套丰富学习资源助力快速动手实践,江礼教,¥44.50
 玩转ChatGPT办公：秒懂AI提问+写作 当当套装2册 赠GPT Midjourney使用手册 ChatGPT时代，让AI成为你的效率神器，有效掌握AI提问方法，精确下达AI指令，从提问到写作，充分发货GPT威力,秋叶 刘进新 贾凝墨 万静 秋叶 刘进新 姜梅 定秋枫,¥59.80
 机器学习图解 优达学城创始人Sebastian Thrun作序推荐，机器学习布道者、Google和Apple前工程师Luis G. Serrano 倾情分享：以图形的方式讲解机器学习经典算法和技术。,[加] 路易斯·G·塞拉诺（Luis G. Serrano）著 郭涛 译,¥64.00
 DK图解计算机科学 儿童STEM创新思维培养 本书用图画方式深入计算机“内部”，帮助孩子掌握计算机的基本工作原理，学会用计算机解决生活中的小问题、小麻烦。,英国DK公司,¥64.00
name,author,price
 3D数学基础：图形和游戏开发（第2版） 新版全新升级，内容更加全面！从游戏中了解数学知识，提升开发技能。从数学中掌握世界的模拟方式，全新感受3D数学、三维空间的几何和代数这些具有生命力的知识！,[美]弗莱彻·邓恩（Fletcher Dunn） [美]伊恩·帕贝利（Ian Parberry） 穆丽君 张俊 译,¥99.50
 信息简史（第九届文津图书奖获奖作品，小米董事长雷军、《浪潮之巅》作者吴军作序推荐） 百万级销量科普畅销书作家詹姆斯格雷克七年磨一剑，带来一段人类与信息遭遇的波澜壮阔的历史，告诉我们如何在信息时代的信息爆炸中生存,(美)格雷克,¥34.50
 抖音短视频吸粉、引流、变现全攻略 小号到大V的抖音运营术，可复制的短视频爆款模式，涵盖用户分析，内容打造，推广营销，引流变现等内容，纯干货的实战案例+运营技巧，助你轻松打造百万粉丝、月入过万的抖音大V号！,徐浪,¥18.70
 你早该这么玩Excel：Wi-Fi版 Excel界火爆图书《你早该这么玩Excel》全面升级。讲心法，改造思路，开类职场工具类图书先河。菜鸟也能学会的高级玩法 助你重获职场好心情。,伍昊,¥32.50
 C语言从入门到精通（第6版） C语言入门经典，46万C程序员的入门选择。配备升级版C语言开发资源库，在线答疑，学习1小时，训练10小时，从入门到项目上线，打造全新学习生态。,明日科技,¥39.90
 Google软件工程 这本书解释了谷歌做软件工程的方式，讲述了需要考虑的各种权衡。,"[美]提图斯·温特斯,[美]汤姆·曼什雷克,[美]海勒姆·赖特",¥65.80
 大话统计学 基于R语言+中文统计工具 溢彩实训版 都能看懂的全彩印刷学习体验上佳的统计学奇书。夯实人工智能，深度学习，机器学习，模式识别，数据挖掘，大数据，金融科技，网络存储，数据库管理，数据可视化，用户体验等专业之基础。,陈文贤,¥69.50
 计算机视觉——算法与应用 计算机视觉领域大师Richard Szeliski博士经典之作,[美] 塞利斯基（Richard Szeliski） 著，艾海舟，兴军亮 等 译,¥69.50
 Python Cookbook（第3版）中文版 经典Python图书升级版本 Python编程从入门到实践 涵盖Python 3.3 包含大量实用Python编程技巧和Python黑魔法 囊括常见Python编程领域,（美）比斯利，（美）琼斯 著，陈舸 译,¥54.00
 PPT影响力:逻辑思维·设计技法·演讲表达 同步视频+案例课件+练习素材+作者答疑+海量资源,熊王,¥49.50
 剪映手机短视频制作教程唯美世界视频教学版 剪辑书籍 剪映教程 新媒体自媒体运营 剪映短视频剪辑技巧 影视特效视频后期处理 61个实例案例分析+310分钟视频教学+视频源文件动手练+手机版电脑版案例实操，涵盖手机短视频剪辑、美颜、抠像、蒙版、音频、文字、调色、动画、特效等,唯美世界 曹茂鹏,¥42.00
 Oracle从入门到精通（第4版） Oracle入门经典，销售10年，25万Oracle程序员的选择，91集微课视频+482个应用示例+36个实践练习+1个项目案例+开发资源库+在线答疑。练出编程习惯，你就能成为Oracle高手。,明日科技,¥44.90
 Python数据分析从入门到精通 248个应用示例+20个综合案例+4个行业项目案例+136集Python零基础扫盲课，零基础入门+范例导学+项目实战，30天成为数据分析高手。,明日科技,¥44.90
 Word/Excel/ PPT最强教科书【套装完全版】 系列新成员前来报到，128个超好用的Word办公场景常用技巧，123个好用的PPT办公场景常用技巧效率提升不只一点点！,张栋，[日]藤井直弥 著;,¥110.90
 Python算法设计与分析从入门到精通 112个算法实例+136集Python零基础扫盲课，零基础入门，主流算法，全面解析，实例丰富，快速提升，一本书破解面试难题+编程压力。,明日科技,¥39.90
 Python金融风险管理FRM（实战篇） FRM考生，Python建模宝典，数据可视化缜密指南，赠送学习视频，全彩印刷、精美图表。来自北美金融从业者以及FRM持证者的Python风控感悟。,姜伟生、涂升 主编 安然、芦苇、张丰 编著,¥84.50
 HTML5+CSS3+JavaScript从入门到精通（标准版）基础视频讲解与案例实战，8大素材库，源代码配套学习更轻松 10万读者检验 扫一扫随时随地看视频 412节同步视频 661个案例分析 1000习题面试题 4396个案例 47部参考手册 1636个模版 17类素材库 623项配色 508项欣赏库 网页制作 网页,未来科技,¥42.00
 LabVIEW虚拟仪器项目开发与实践 注重虚拟仪器技术的实际应用和工程实践经验总结， 提供丰富的实例程序代码,杨高科,¥89.50
 自动调节系统解析与PID整定 ,白志刚编著,¥24.00
 控制系统建模与仿真——基于MATLAB/Simulink的分析与实现 控制系统建模|MATLAB编程|Simulink仿真 清华大学|北京航空航天大学|北京理工大学|北京自动化学会 知名专家联袂推荐,姜增如,¥39.50
 ANSYS nCode DesignLife疲劳耐久性分析应用案例集 ,苏睿,¥49.00
 程序员的数学系列（套装共4册）(图灵出品) 机器学习、数据挖掘、模式识别基础知识，热销书程序员的数学系列套装，IT计算机编程基础数据教程书籍，掌握编程所需的基础数学知识和数学思维,[日]结城浩 [日]平冈和幸 堀玄 [日]宫崎修一,¥133.40
 Linux就该这么学（第2版） 刘遄Linux入门教程升级，基于Linux系统RHEL8编写，每章带有大量图表及习题，知识点覆盖红帽认证RHCSA、RHCE、RHCA考试要求，配套站点提供软件、学习资料及答疑服务。,刘遄,¥49.90
 青少年学Python编程从入门到精通：视频案例版 中小学青少年编程儿童少儿编程 零基础学Python（全彩图解+高清视频 本书以“理论+示例+案例”的方式展开，通过浅显易懂的语言及生动形象的典型案例进行讲解，内容安排由浅入深，层层递进，适合孩子学习。赠案例源代码，视频教程，PPT课件,贾炜 编著,¥41.60
 Altium Designer 21 PCB设计官方指南(基础应用) Altium中国技术支持中心面向中国读者出版的官方图书！配套精美的教学视频！ Altium大中华区总经理David Read作序！,Altium中国技术支持中心,¥34.50
 TCP/IP网络编程 （韩国TCP/IP经典教程！手把手教你套接字编程！）,(韩)尹圣雨,¥39.50
 Python模块参考手册·日期与时间（全彩版） Python日期与时间速查工具书，解决涉及日期与时间的各种开发问题，涵盖125个常用知识点、238快学快用示例，开拓编程思维，解决编程问题，易学！易查！易用！,明日科技(Mingri Soft),¥26.90
 电商运营经理实战工作手册 电商运营实务书籍，分解管理要点，细化运营工作，提供电商运营经理365个实用技能，电商运营经理自我提升的学习手册和实用小百科，电商运营团队岗位培训实用教材。,滕宝红，徐梅,¥39.50
 四旋翼无人机的制作与飞行 拿下你的首架无人机，无人机操作视频演示，无人机组装详解,戴凤智，王璇，马文飞 编,¥24.00
 全光园区网络架构与实现 华为公司官方出品！中国工程院院士范滇元、中国工程院院士张平、华中科技大学副校长张新亮、中国城市轨道交通协会李中浩、华为公司常务董事汪涛联袂推荐！,李霆、张军、万席锋,¥44.50
 ANSYS Fluent二次开发指南 流沙老师教你学FLUENT二次开发，快速掌握：UDF程序设计、用户界面定制、流程封装！,胡坤 编著,¥34.50
 Python网络爬虫权威指南 第2版 Python 3网络爬虫开发入门书籍 全面介绍网页抓取技术 解决Web数据采集、转换和使用中的诸多常见问题和痛点,[美] 瑞安·米切尔（Ryan Mitchell）,¥39.50
 Python语言程序设计教程（第2版） 计算机应用能力体系培养系列教材；全国高等学校（安徽考区）计算机水平考试配套教材；安徽省高等学校“十三五”省级规划教材；工程应用型院校计算机系列教材,王永国 主编；胡学刚 总主编；郑尚志 总主审,¥26.30
 数据安全领域指南 本书是CDSP认证教材，由CSA云安全联盟组织编写，本书详细阐述数据安全业务范畴、体系架构、关键技术和实践,王安宇 姚凯,¥69.00
 图解HTTP + 图解TCP/IP + 图解网络硬件（套装共3册，当当） Web开发工程师参考书目，详解网络传输协议、网络硬件等各种知识，实战性强，解决网络建设工程中的实际问题,[日]上野宣 竹下隆史 村山公保 荒井透 苅田幸雄 三轮贤一,¥98.90
 PHP从入门到精通（第6版） PHP入门经典，销售12年，60万PHP程序员、数百所高校的选择，212集微课视频+277个应用示例+61个实践练习+2个项目案例+海量开发资源库+在线答疑,明日科技,¥49.90
 C#高级编程(第12版) Microsoft MVP - Christian Nagel C#新作，内部专家的C#指南，为你带来关于新特性的高级提示。,[奥]克里斯琴·内格尔(Chrisitian Nagel) 著 李铭译,¥99.00
 Python极客项目编程 开发有趣的极客项目，掌握实用的Python编程技能,[美] Mahesh Venkitachalam,¥34.50
 自己动手做聊天机器人 chatgpt 人工智能机器学习深度学习实战丛书 机器人建模和控制 智能聊天机器人入门 自然语言处 详细的聊天机器人保姆式实现方案，囊括多种方案与真实应用场景，图文讲解轻松学习,刘杰飞,¥37.30
 算法竞赛入门经典——训练指南 刘汝佳经典著作2021升级版，ACM/ICPC/NOI/NOIP竞赛备考红宝书，206道竞赛真题+394道分类练习，信息学奥赛+面试算法+程序开发算法。,刘汝佳 陈锋,¥59.00
" Python数据分析与可视化 本书配套资源丰富，包括教学大纲、教学课件、电子教案、习题答案、教学进度表，作者还为本书精心录制了600分钟的微课视频。本书可作为各类高等院校计算机科学与技术、软件工程及大数据技术等专业的本科生教材,也",魏伟一、李晓红、高志玲,¥29.90
 薄膜晶体管液晶显示器显示原理与设计（全彩） ,廖燕平 等著,¥59.00
 小学生C++创意编程 视频教学版 ,方其桂,¥29.90
 失控：全人类的最终命运和结局（修订版） 早阅读一天，就让你在互联网时代先行一步，《失控》互联网时代最重要的著作之一 (修订版增加了25周年序言；进行了勘误）,（美）Kevin Kelly（凯文·凯利）,¥69.00
 漫话人工智能：从二进制到未来智能社会 入选“科普中国出版创作扶持计划”——超有趣的人工智能科普书，全民AI时代的必修课！手绘插图，全彩印刷，北航教授与你妙侃人工智能的前世今生,秦曾昌 田达玮,¥44.00
 Photoshop 2022从入门到精通 抖音/b站知名人气讲师 文森学堂开课啦！ 火爆全网的“敬伟PS教程”实体书 全彩印刷 视频精讲 从零开始步入PS的奇妙世界,敬伟,¥49.00
 西门子S7-1200/1500 PLC学习手册——基于LAD和SCL编程 西门子S7-1200/1500 PLC及博途软件应用从入门到精通,向晓汉，李润海 主编,¥74.00
 CSS权威指南（第四版） CSS权威指南（第四版）包括上、下册。国际公认的HTML、CSS和Web标准领域的专家Eric A. Meyer力作！全面阐述CSS的实现方式，深入分析CSS规范,Eric A. Meyer 和 Estelle Weyl 著 安道 译,¥88.00
 深度学习之图像识别：核心算法与实战案例（全彩版） 知名专家8年深度学习算法研究心得和实践经验，中科院、阿里达摩院等机构4位大咖力荐,言有三,¥79.50
 AutoCAD 2021入门到精通autocad基础教程cad教材自学版cad机械设计室内设计建筑设计装潢设计家具设计电 2021新版，Autodesk官方认证考试专家编写。手机扫码看120集微视频讲解+158个实例案例分析，cad实战教程/入门教程/视频教程。建筑设计/室内设计/机械设计。,天工在线 编著,¥42.00
 欧姆龙PLC编程及应用实例 快速掌握欧姆龙CJ2M系列PLC编程技术,周长锁，冯大志，王旭 编著,¥29.00
 React学习手册（第二版） 本书涵盖状态管理、React 路由、测试和服务器端渲染，不仅介绍基础知识，还将进行实战演练。,"[美]亚历克斯?班克斯,[美]伊夫?波尔切洛,安道",¥43.60
 接口自动化测试项目实战：Python 3.8+Requests+PyMySQL+pytest+Jenkins实现 跟随视频，操练完整项目，轻松入门接口自动化测试,江楚,¥29.50
 Wi-Fi 7开发参考：技术原理、标准和应用 ,成刚、蒋一名、杨志杰,¥44.50
 Word+Excel+PPT+PS+移动办公office 5合1完全自学视频教程（全彩版）新手学电脑 ppt制作 办公应 手机扫码看同步视频讲解+1000个商务办公模板+2380个PS设计样式资源库+电脑入门基础/故障排查电子书+随身查手册电子书（电子书为扫码查看），案例与视频结合，从此办公不愁！,IT教育研究工作室,¥42.00
 片上互连网络——多核／众核处理器关键技术 片上互连网络经典著作，深入解读多核／众核处理器的互连结构,任鹏举 夏天 译；[美] Natalie Enright Jerger [印度 ] Tushar Krishna [新加坡]Li-Shiuan Peh,¥39.50
 ChatGPT：AIGC新时代（新时代·科技新物种） 轻松掌握AIGC时代的实用技巧，抢占红利先机！挖掘AIGC时代的商业价值；理解AIGC工具的本质和潜能；掌握数百个实用的提示语模板,陈世欣 陈格非,¥54.50
 剪映实用教程（电脑版+手机版） 扫码看173分钟教学视频；赠送PPT、配套剪辑素材；剪映教程书 影视剪辑技巧 视频拍摄 视频制作 电影解说 音频处理 后期特效 滤镜调色 转场 字幕 分屏,龙飞,¥29.50
 WPS函数与公式速查大全 双色图解+视频讲解，10余类200+常用函数一网打尽,博蓄诚品 编著,¥64.00
 Effective软件测试 Arie van Deursen和Steve Freeman推荐作序！陈琴(霜波)和陈晟等九大专家联袂推荐。如何进行有效测试？基于MEAP诞生的软件测试实用指南告诉你。,[荷]毛里西奥·阿尼什（Maurício Aniche）著 朱少民 李洁 张元 译,¥49.00
name,author,price
 Python金融风险管理FRM（基础篇） FRM考生，Python建模宝典，数据可视化缜密指南，赠送学习视频，全彩印刷、精美图表。来自北美金融从业者以及FRM持证者的Python风控感悟。,姜伟生、涂升 主编 梁健斌、安然、芦苇 编著,¥84.50
 东数西算与算力网络 ,唐雄燕 等,¥64.00
 AI可解释性（Python语言版） 通过构建XAI的方法论体系，形成一组工具和方法，从而解释ML模型产生的复杂结果，帮助人们理解ML模型。,[意] 列奥尼达·詹法纳(Leonida Gianfagna)、安东尼奥·迪·塞科(Antonio Di Cecco)著 郭涛 译,¥29.90
 中文版Revit 2022完全自学教程 Revit 2022新版软件讲解，134个实战练习和3个综合实例、43个软件常见疑难问答，137集980分钟的在线教学视频，还有方便教师教学的PPT课件,李鑫,¥64.90
 调色师手册 电影和视频调色专业技法 第2版 ,[美]Alexis Van Hurkman（阿列克谢·凡·赫克曼）,¥99.40
" 中文版Adobe Illustrator 2022完全案例教程（微课视频版）ai教程书籍教材 平面设计与制作 illus Illustrator2022新版Adobe专家编写，手机扫码看243集视频,赠配套实例素材、设计素材、设计宝典、速查手册、PPT课件、PS基础视频、CorelDRAW基础视频","唯美世界 , 瞿颖健",¥59.80
 FFmpeg入门详解——音视频原理及应用 系统、全面地讲解FFmpeg的基础理论知识！配套丰富示例帮助读者快速动手实践,梅会东,¥34.50
 STM32Cube高效开发教程 基础+高级篇（当当套装2册） STM嵌入式系统开发教程，系统性地介绍STM32的HAL库开发，附赠示例源代码、示例运行演示视频和课件，STM32应用开发入门到进阶参考书籍。,王维波 鄢志丹 王钊,¥124.80
 Excel公式与函数应用技巧大全（彩印+视频讲解）wps 办公软件 办公应用自学教程 谁说菜鸟不会数据分析 ppt wo 教你10分钟作出专业报表，从此公式函数不用愁 赠1000个商用办公模板 电脑入门技能手册 3小时office快速入门视频教程 office办公应用快捷速查表,IT新时代教育,¥32.60
 Google SRE工作手册 无论你所在公司规模的大小，都可以深入研究这本工作手册，通过学习尝试完善你们自己的SRE实践。,"[美]贝特西,[美]尼尔,[美]戴维,等",¥56.90
 Python自动化办公从入门到精通——让Excel、Word、PPT飞起来 配视频讲解，难点直接粉碎！著名Python编程讲师龙豪杰作品,龙豪杰 著,¥31.80
 微信小程序开发从入门到实战（微课视频版 微信小程序开发实战）小程序开发详解 微信小程序模拟器怎么写 android开发 微信小程序和云开发技术，完整教学案例演示开发流程，赠送基础教学视频和源代码，零基础学习,李睿琦 梁博,¥37.30
 微信小程序开发实战入门 本书作为微信小程序基础入门级教材，图文并茂，内容详尽。,张光河 主编 刘芳华 段高华 吴福英 参编,¥34.90
 完全图解5G 5G移动通信工作原理 图解5g技术 图解5g工作原理 大话5g时代 图解5G时代商业模式 5g系统技术原理 一本书了解第五代移动通信技术的基础结构、关键技术、工作原理和应用场景，了解5G时代生活和商业发生的变化，了解国外使用5G技术的新商业案例，了解5G带来的新商机！,饭盛英二 田原干雄 中村隆治,¥32.60
 Photoshop CC实战培训教程 Photoshop入门到实战，基于Photoshop CC 2017，100个实战演练+26个综合实例应用，附赠实战演练的素材文件、源文件及同步教学视频。,郑铮,¥39.50
 Illustrator 2022从入门到精通 敬伟老师 清大文森学堂开课啦！玩转矢量图形设计 全彩印刷 视频精讲 一切从零开始?阶梯渐进学习,敬伟,¥54.00
 C语言项目开发实战入门（全彩版） 一本能让初学者通过项目实战开发学会编程的超值图书，精选实用项目，让读者体验编程乐趣、获得实战经验，配同步视频教程和源代码，海量资源免费赠送,明日科技(Mingri Soft),¥29.90
" 火球——UML大战需求分析（第二版） UML中国UML认证专家委员会专家、“豆芽儿”CTO张传波老师力作,二十年UML研究及应用经验",张传波 著,¥31.80
 重构：数字化转型的逻辑 ,安筱鹏,¥39.50
 网络安全攻防技术实战 ,闵海钊,¥39.00
 C#项目开发实战入门（全彩版） 一本能让初学者通过项目实战开发学会编程的超值图书，精选实用项目，采用主流C#开发技术，让读者体验编程乐趣、获得实战经验，配同步视频教程和源代码，海量资源免费赠送,明日科技(Mingri Soft),¥34.90
 SQL Server从入门到精通（第5版） SQL Server入门经典， 32万数据库开发人员的入行选择。配备数据库开发资源库+在线答疑，学习1小时，训练10小时，从入门到项目上线，打造全新学习生态。,明日科技,¥49.90
 剪映教程Ⅱ 调色卡点+字幕音乐+片头片尾+爆款模板 剪映课程讲师继畅销书《剪映教程》后的又一力作，分享新功能、新案例、新技巧，赠送全部案例的操作素材、案例效果和教学视频。,龙飞,¥34.50
 SQL从入门到精通（微课视频版）大数据分析 管理工具 sql必知必会 基础教程即用即查 高性能mysql sql ser 223集共20.5小时高清视频讲解+270个中小实例。涵盖一线开发人员及大数据、人工智能、机器学习等高科技人才的SQL技术。赠配套视频+源码文件+PPT课件。,陈贻品 贾蓓 和晓军 编著,¥37.30
 Python FastAPI Web开发从入门到项目实战（视频版） 100多段代码（示例、案例、实验）/15个高清视频及配套PPT/1个完整的商业项目案例/10套习题实验及答案/2个在线服务群。由“三酷猫”来讲编程故事，让编程学习更有趣！,"刘瑜，安义,陈逸怀,喻小菲",¥44.00
 Scratch高手密码：编程思维改变未来——应对人工智能挑战 爆款新品未上市预售即破万册！——AI时代还不会编程你就OUT了！让Scratch带你进入计算机科学大门，用计算思维认识世界，其实编程也可以如此简单有趣！,李泽,¥56.90
 深入浅出DAX——Excel Power Pivot和Power BI高效数据分析 深入浅出DAX——Excel Power Pivot和Power BI高效数据分析,黄福星,¥49.50
 PLC结构化文本编程 今日头条专栏作家！系统论述从梯形图编程过渡到高级语言编程的工具图书，基于IEC61131-3标准|兼容CoDeSys开发工具，兼容各类PLC！,傅磊,¥34.50
 Spring实战（第6版） Spring入门教程新升级，深入理解Spring原理技术内幕，Java开发教程书籍，Spring boot技术微服务入门，Spring技术图书，赠送源代码,[美]克雷格·沃斯（Craig Walls）,¥54.90
" 深度学习入门2：自制框架 ""鱼书""《深度学习入门：基于Python的理论与实现》续作，由浅入深带你从零创建一个深度学习框架，系统认识深度学习，洞察本质，开创未来！",[日]斋藤康毅,¥64.90
 FreeCAD从入门到综合实战 全程图解，视频教学，FreeCAD制图与建模入门到精通,拦继元 著,¥49.50
 Windows11操作系统从入门到精通 彩色图解，视频讲解，新版Windows功能与操作技巧全掌握,博蓄诚品 编著,¥44.50
 游戏设计：深层设计思想与技巧 ,徐炜泓,¥34.50
 西门子WinCC V7.3组态软件完全精通教程 西门子WinCC V7.3组态软件自学宝典,向晓汉 主编,¥34.00
 HFSS电磁仿真设计从入门到精通 ,易迪拓培训 李明洋 刘敏 编著,¥34.90
 PPT表达力：从Excel到PPT完美展示（案例 视频）不要让糟糕的设计毁了数据—从excel表格到ppt数据可视化 p 实现从Excel数据到PPT的可视化分析,偷懒的技术,¥42.00
 简约至上：交互式设计四策略（第2版） 10w+的累积销量，内容全线更新，设计策略层面更深入的探讨，交互设计全面升级，交互设计和产品设计入门书,[英]贾尔斯,¥34.50
 实用射频测试和测量（第3版） ,朱辉 等著,¥29.00
 Python+Kivy(App开发)从入门到实践(全彩版) 全新中文Python移动开发入门图书，提炼一线开发经验，精选丰富实例和流行项目，助您快速掌握Kivy技能，迈进移动APP开发的大门，配环境搭建视频讲解和项目源码,明日科技(Mingri Soft),¥49.00
 中文版Cinema 4D R21完全自学教程 C4d教程书籍平面设计书籍零基础，全视频教学电商设计、建模、自学网店美工，全视频教学附赠场景模型经典位图贴图高动态范围贴图单体模型和光域网文件等。,任媛媛,¥64.50
 ChatGPT高效提问教程 人人都是提示工程师 AIGC时代应学习的生存技能！ 解锁ChatGPT的无限潜能，发挥ChatGPT的全部潜力，展示如何构建高质量的提示指令，有效掌握提示技术，成为与AI交流的高手，快速提高工作效率。,陈明明 李腾龙,¥29.90
 和秋叶一起学PPT（第5版） 和秋叶一起学PPT重磅升级，从基础入门到高级插件，Office新版功能全概括，结合GPT讲解利用AI制作PPT，高质量模板分享+2套教学视频+商用素材文件。,秋叶 陈陟熹,¥54.90
 挑战程序设计竞赛 （第2版）【程序设计高手的经验总结】 【图灵程序设计丛书】程序员考试权威指导指南，经典acm算法详解，算法艺术与信息学竞赛！程序员宝典！,"(日)秋叶拓哉,(日)岩田阳一,(日)北川宜稔",¥39.50
 知识图谱与深度学习 清华大学人工智能研究院孙茂松教授团队研究成果，展现数据驱动的深度学习与符号表示的知识图谱间相互补充和促进，对人工智能研究具参考意义。全彩印刷，清晰呈现图表内容,刘知远 韩旭 孙茂松,¥49.50
 大话机器学习——原理|算法|建模|代码30讲 全彩印刷+理论实践案例相结合+赠送全部源代码,叶新江,¥59.50
 FFmpeg入门详解——流媒体直播原理及应用 系统、全面地讲解FFmpeg的基础理论知识!配套丰富示例帮助读者快速动手实践,梅会东,¥44.50
" 用数据讲故事——专业图表实训教程 《用数据讲故事》""原配""实战教程，融贯图表设计六大原则，各类实战场景的数据可视化分析，职场利器，秋叶大叔推荐用书。",[美]科尔·努斯鲍默·纳福利克（Cole Nussbaumer Knaflic）,¥74.90
 PyTorch深度学习模型开发实战 chatgpt聊天机器人 动手学机器学习开发案例实战 pytorch强化学习 图像识 这不是一本入门书，针对的是深度学习中、高级层次的读者，用案例实践提升深度学习模型的构建能力，用详细的操作过程提升读者的动手能力，更好地理解程序的本质，用通俗易懂的文字解说，让读者学习过程更顺畅。,【日】小川雄太郎,¥55.10
 人工智能从入门到进阶实战 适合青少年的人工智能基础与实践教程，TensorFlow入门，中小学AI入门指南,桑圆圆，刁彬斌，彭昊，李升 等 编著,¥29.50
 游戏剧本怎么写 游戏策划和编剧新手的入门指南 讲解游戏剧本的构建之法 细数游戏剧本中的那些,[日]佐佐木智广,¥29.50
 Fortran 95程序设计(附光盘) ,彭国伦 编著,¥26.30
 硬件产品经理方法论 10余年经验的硬件产品经理的工作经验总结，硬件产品经理的入门指南&职场进阶宝典，案例解读+实用工具展示，众多智能硬件行业专家作序推荐。,林志平,¥34.90
 中文版Premiere Pro 2023入门教程 Premiere pro 2023新版讲解，功能讲解+课堂案例+课后习题+综合案例，从基础讲解以案例为主线，附赠全书素材文件，教学视频及PPT课件。,任媛媛,¥34.90
 金融人工智能：用Python实现AI量化交易 机器学习知识+大量Python示例，帮助您走入AI金融新赛道，从过去到未来，全景式理解AI在金融领域的应用！,[德]伊夫,¥64.90
 Python编程练习与解答 Python入门书，精选186道涵盖各学科和日常生活的实用练习题，帮助程序员扎实掌握基础知识，提高编程技能。,[加拿大]本·斯蒂芬森(Ben Stephenson) 孙鸿飞 史苇杭 译,¥24.90
 乐高SPIKE Prime入门 乐高新产品：SPIKE Prime科创套装，机器人编程学起来！,郑剑春,¥24.50
 人员应急疏散仿真工程软件——Pathfinder从入门到精通 Pathfinder消防疏散模拟仿真与案例实训一本通,王春雪，吕淑然 编著,¥24.50
 Linux从入门到精通（第2版）（配光盘）（Linux典藏大系） 【Linux畅销书！累计18次印刷，畅销6万余册，荣获“读者喜爱的原创IT技术图书奖”，42小时教学视频，提供Ubuntu安装文件，送教学PPT，Linux新手】,刘忆智 等,¥29.90
 pandas数据处理与分析 实战式pandas教程，梳理pandas中常用的函数，结合大量代码讲解理论知识，展示数据处理的宏观体系，提供高质量的练习，帮助读者理解、强化和拓展所学知识。,耿远昊,¥49.00
 中文版Photoshop 2020从入门到精通 ps教程 完全自学教程 零基础学ps书籍 视频+全彩 ai 平面设计 图 PS2020新版，Adobe专家全新力作，手机扫码看412集PS视频教程+配套源文件，赠本书实例素材及其他实用设计素材、各种设计宝典及速查手册、PPT课件等,唯美世界 瞿颖健,¥46.60
